user_id,region,device,channel,session_start,session_end,time_session,click_count,buy_count,price,age,Длительность сессии,Категория длительности
278965908054,United States,iPhone,organic,2019-05-01 04:46:00,2019-05-01 04:47:00,1,0,0,0.0,31,1.0,низкая
244878945432,United States,Mac,organic,2019-05-01 16:44:00,2019-05-01 16:45:00,1,0,0,0.0,40,1.0,низкая
590706206550,United States,Mac,organic,2019-05-01 14:09:00,2019-05-01 15:32:00,83,28,6,14570.0,50,83.0,высокая
326433527971,United States,Android,TipTop,2019-05-01 00:29:00,2019-05-01 00:54:00,25,8,3,4411.0,38,25.0,средняя
349773784594,United States,Mac,organic,2019-05-01 03:33:00,2019-05-01 03:57:00,24,8,3,4411.0,63,24.0,средняя
90242400005,United States,Android,organic,2019-05-01 09:03:00,2019-05-01 10:08:00,65,22,4,11310.0,62,65.0,высокая
43958116050,United States,iPhone,organic,2019-05-01 09:37:00,2019-05-01 10:00:00,23,8,3,4411.0,60,23.0,средняя
15174034813,United States,Mac,organic,2019-05-01 13:33:00,2019-05-01 13:35:00,2,0,0,0.0,12,2.0,низкая
446013509831,United States,iPhone,organic,2019-05-01 14:44:00,2019-05-01 15:41:00,57,19,4,9872.0,52,57.0,высокая
100970711362,United States,Mac,FaceBoom,2019-05-01 06:20:00,2019-05-01 06:54:00,34,12,3,6326.0,25,34.0,средняя
23110169785,United States,iPhone,organic,2019-05-01 11:29:00,2019-05-01 11:31:00,2,0,0,0.0,27,2.0,низкая
370455852550,United States,iPhone,MediaTornado,2019-05-01 14:01:00,2019-05-01 14:29:00,28,10,3,5369.0,27,28.0,средняя
784885401335,Russia,iPhone,TipTop,2019-05-01 22:40:00,2019-05-01 22:41:00,1,0,0,0.0,31,1.0,низкая
619068889591,Russia,PC,FaceBoom,2019-05-01 20:14:00,2019-05-01 20:16:00,2,0,0,0.0,21,2.0,низкая
774938424092,Russia,Mac,organic,2019-05-01 17:06:00,2019-05-01 18:05:00,59,20,4,10352.0,28,59.0,высокая
762505039443,Russia,Android,organic,2019-05-01 23:30:00,2019-05-01 23:30:00,0,0,0,0.0,36,0.0,низкая
355761474010,Russia,iPhone,FaceBoom,2019-05-01 11:03:00,2019-05-01 11:05:00,2,0,0,0.0,30,2.0,низкая
221611265998,Russia,iPhone,organic,2019-05-01 00:19:00,2019-05-01 00:20:00,1,0,0,0.0,65,1.0,низкая
57218022811,Russia,iPhone,organic,2019-05-01 15:13:00,2019-05-01 15:15:00,2,0,0,0.0,53,2.0,низкая
88533696308,Russia,iPhone,organic,2019-05-01 12:26:00,2019-05-01 12:28:00,2,0,0,0.0,61,2.0,низкая
550401780667,Russia,iPhone,organic,2019-05-01 00:58:00,2019-05-01 01:00:00,2,0,0,0.0,23,2.0,низкая
905776368309,Russia,iPhone,organic,2019-05-01 04:29:00,2019-05-01 04:59:00,30,10,3,5369.0,44,30.0,средняя
482296270341,Russia,PC,organic,2019-05-01 18:09:00,2019-05-01 19:43:00,94,32,6,16485.0,24,94.0,высокая
342079667879,United States,PC,organic,2019-05-01 14:50:00,2019-05-01 14:52:00,2,0,0,0.0,53,2.0,низкая
188246423999,United States,iPhone,TipTop,2019-05-01 13:25:00,2019-05-01 14:39:00,74,25,5,12940.0,20,74.0,высокая
529448786586,United States,Android,TipTop,2019-05-01 17:32:00,2019-05-01 17:34:00,2,0,0,0.0,32,2.0,низкая
171015605853,United States,iPhone,organic,2019-05-01 18:17:00,2019-05-01 18:50:00,33,12,3,6326.0,27,33.0,средняя
237641018732,United States,iPhone,TipTop,2019-05-01 17:06:00,2019-05-01 17:07:00,1,0,0,0.0,52,1.0,низкая
563779032041,United States,iPhone,TipTop,2019-05-01 15:25:00,2019-05-01 15:26:00,1,0,0,0.0,20,1.0,низкая
267662454111,United States,iPhone,organic,2019-05-01 05:40:00,2019-05-01 05:42:00,2,0,0,0.0,24,2.0,низкая
716674228947,United States,Mac,organic,2019-05-01 16:32:00,2019-05-01 17:30:00,58,20,4,10352.0,26,58.0,высокая
678430784025,United States,Android,organic,2019-05-01 19:25:00,2019-05-01 19:26:00,1,0,0,0.0,63,1.0,низкая
283009755609,United States,PC,organic,2019-05-01 00:29:00,2019-05-01 02:46:00,137,46,8,23577.0,27,137.0,высокая
750734101231,Unknown,iPhone,MediaTornado,2019-05-01 07:57:00,2019-05-01 08:22:00,25,8,3,4411.0,54,25.0,средняя
222125642245,United States,Android,FaceBoom,2019-05-01 05:26:00,2019-05-01 05:28:00,2,0,0,0.0,36,2.0,низкая
535534516579,United States,PC,organic,2019-05-01 06:02:00,2019-05-01 06:02:00,0,0,0,0.0,51,0.0,низкая
928482821528,United States,iPhone,MediaTornado,2019-05-01 18:27:00,2019-05-01 18:29:00,2,0,0,0.0,53,2.0,низкая
475326764919,United States,iPhone,organic,2019-05-01 15:32:00,2019-05-01 16:08:00,36,12,3,6327.0,51,36.0,средняя
897474157583,United States,iPhone,FaceBoom,2019-05-01 20:47:00,2019-05-01 20:48:00,1,0,0,0.0,51,1.0,низкая
181066576860,Russia,PC,organic,2019-05-01 13:51:00,2019-05-01 15:00:00,69,24,5,12460.0,34,69.0,высокая
474185364793,Russia,Mac,TipTop,2019-05-01 22:44:00,2019-05-01 23:11:00,27,9,3,4889.0,34,27.0,средняя
652359044218,Russia,Mac,TipTop,2019-05-01 16:18:00,2019-05-01 16:19:00,1,0,0,0.0,43,1.0,низкая
134473754632,Russia,iPhone,MediaTornado,2019-05-02 21:56:00,2019-05-02 21:58:00,2,0,0,0.0,48,2.0,низкая
901643712689,Russia,Android,organic,2019-05-01 13:37:00,2019-05-01 14:22:00,45,15,3,7764.0,43,45.0,высокая
222900190020,Russia,Mac,TipTop,2019-05-01 04:55:00,2019-05-01 05:24:00,29,10,3,5369.0,40,29.0,средняя
602733336431,Russia,Mac,organic,2019-05-02 04:17:00,2019-05-02 04:19:00,2,0,0,0.0,34,2.0,низкая
8356573095,Russia,Android,TipTop,2019-05-02 14:26:00,2019-05-02 14:27:00,1,0,0,0.0,64,1.0,низкая
907001920081,Russia,Android,organic,2019-05-01 14:03:00,2019-05-01 14:42:00,39,13,3,6806.0,48,39.0,средняя
542201616700,United States,iPhone,organic,2019-05-02 23:44:00,2019-05-02 23:45:00,1,0,0,0.0,35,1.0,низкая
129100331057,United States,iPhone,organic,2019-05-02 07:07:00,2019-05-02 07:08:00,1,0,0,0.0,63,1.0,низкая
152152093902,United States,Android,TipTop,2019-05-01 13:22:00,2019-05-01 14:31:00,69,24,5,12460.0,40,69.0,высокая
293820189249,United States,Android,organic,2019-05-01 11:09:00,2019-05-01 13:03:00,114,39,7,20031.0,59,114.0,высокая
993950151533,United States,iPhone,TipTop,2019-05-02 12:32:00,2019-05-02 12:34:00,2,0,0,0.0,43,2.0,низкая
341232428147,United States,iPhone,organic,2019-05-02 07:15:00,2019-05-02 07:17:00,2,0,0,0.0,46,2.0,низкая
668161818208,United States,PC,organic,2019-05-02 02:24:00,2019-05-02 02:26:00,2,0,0,0.0,57,2.0,низкая
951926617352,United States,Android,organic,2019-05-02 02:54:00,2019-05-02 02:56:00,2,0,0,0.0,28,2.0,низкая
645681897253,United States,PC,TipTop,2019-05-01 18:27:00,2019-05-01 19:08:00,41,14,3,7284.0,49,41.0,средняя
480560185060,United States,Mac,FaceBoom,2019-05-01 13:34:00,2019-05-01 14:16:00,42,14,3,7284.0,30,42.0,средняя
801953773856,United States,iPhone,TipTop,2019-05-02 04:29:00,2019-05-02 04:30:00,1,0,0,0.0,62,1.0,низкая
780107523082,United States,PC,FaceBoom,2019-05-02 23:26:00,2019-05-02 23:28:00,2,0,0,0.0,46,2.0,низкая
304103731692,United States,Mac,FaceBoom,2019-05-01 12:13:00,2019-05-01 12:44:00,31,10,3,5369.0,53,31.0,средняя
414095973733,United States,Android,TipTop,2019-05-02 14:36:00,2019-05-02 14:37:00,1,0,0,0.0,58,1.0,низкая
282497328213,United States,iPhone,organic,2019-05-01 23:25:00,2019-05-01 23:49:00,24,8,3,4411.0,36,24.0,средняя
213778870965,United States,iPhone,organic,2019-05-02 14:22:00,2019-05-02 14:23:00,1,0,0,0.0,29,1.0,низкая
639353625408,United States,PC,organic,2019-05-01 14:34:00,2019-05-01 15:19:00,45,15,3,7764.0,32,45.0,высокая
593558183722,Russia,Android,organic,2019-05-01 07:29:00,2019-05-01 08:22:00,53,18,4,9394.0,28,53.0,высокая
226504059659,Russia,Android,FaceBoom,2019-05-01 16:07:00,2019-05-01 16:44:00,37,12,3,6327.0,18,37.0,средняя
179084656995,Russia,Mac,organic,2019-05-02 20:16:00,2019-05-02 20:17:00,1,0,0,0.0,40,1.0,низкая
263748315237,Russia,iPhone,organic,2019-05-01 18:13:00,2019-05-01 18:58:00,45,15,3,7764.0,24,45.0,высокая
328377059361,Russia,Android,organic,2019-05-01 08:29:00,2019-05-01 09:01:00,32,11,3,5847.0,47,32.0,средняя
296302642742,Russia,iPhone,MediaTornado,2019-05-01 10:46:00,2019-05-01 11:44:00,58,20,4,10352.0,57,58.0,высокая
184810238480,Russia,iPhone,organic,2019-05-02 23:07:00,2019-05-02 23:08:00,1,0,0,0.0,65,1.0,низкая
398456731916,Russia,iPhone,MediaTornado,2019-05-02 20:14:00,2019-05-02 20:15:00,1,0,0,0.0,50,1.0,низкая
908247485112,Russia,iPhone,organic,2019-05-02 18:58:00,2019-05-02 18:58:00,0,0,0,0.0,41,0.0,низкая
10404332026,Russia,Mac,organic,2019-05-02 05:51:00,2019-05-02 05:53:00,2,0,0,0.0,26,2.0,низкая
751283623222,Russia,Android,organic,2019-05-02 03:43:00,2019-05-02 03:44:00,1,0,0,0.0,61,1.0,низкая
518171493136,Russia,Android,FaceBoom,2019-05-02 05:40:00,2019-05-02 05:41:00,1,0,0,0.0,36,1.0,низкая
182240325348,Russia,iPhone,organic,2019-05-02 10:44:00,2019-05-02 10:46:00,2,0,0,0.0,21,2.0,низкая
923784264602,Russia,Android,TipTop,2019-05-01 07:33:00,2019-05-01 09:24:00,111,37,7,19073.0,62,111.0,высокая
638584367534,United States,Mac,organic,2019-05-02 03:44:00,2019-05-02 03:45:00,1,0,0,0.0,46,1.0,низкая
591410541083,United States,Mac,organic,2019-05-01 11:11:00,2019-05-01 11:39:00,28,10,3,5369.0,60,28.0,средняя
819045144139,United States,PC,organic,2019-05-02 18:48:00,2019-05-02 18:49:00,1,0,0,0.0,57,1.0,низкая
897340954083,United States,Android,organic,2019-05-02 07:50:00,2019-05-02 07:51:00,1,0,0,0.0,51,1.0,низкая
934346426729,United States,iPhone,organic,2019-05-02 05:39:00,2019-05-02 05:40:00,1,0,0,0.0,38,1.0,низкая
381232762069,United States,Mac,organic,2019-05-02 04:25:00,2019-05-02 04:25:00,0,0,0,0.0,30,0.0,низкая
998143981124,United States,Android,FaceBoom,2019-05-01 07:14:00,2019-05-01 07:59:00,45,15,3,7764.0,42,45.0,высокая
465195473417,United States,iPhone,organic,2019-05-02 09:02:00,2019-05-02 09:03:00,1,0,0,0.0,44,1.0,низкая
579576843349,United States,PC,organic,2019-05-01 21:43:00,2019-05-01 22:48:00,65,22,4,11310.0,20,65.0,высокая
833721227206,United States,Mac,TipTop,2019-05-01 12:59:00,2019-05-01 13:31:00,32,11,3,5847.0,33,32.0,средняя
9212743938,United States,Android,organic,2019-05-01 22:48:00,2019-05-02 00:11:00,83,28,6,14570.0,38,83.0,высокая
648972875590,United States,iPhone,organic,2019-05-01 12:34:00,2019-05-01 13:33:00,59,20,4,10352.0,62,59.0,высокая
50527299863,United States,Mac,organic,2019-05-02 04:21:00,2019-05-02 04:23:00,2,0,0,0.0,35,2.0,низкая
219567329114,United States,Mac,organic,2019-05-02 17:06:00,2019-05-02 17:08:00,2,0,0,0.0,30,2.0,низкая
889080147332,United States,iPhone,organic,2019-05-01 20:10:00,2019-05-01 20:47:00,37,12,3,6327.0,41,37.0,средняя
45542906349,United States,Mac,organic,2019-05-02 15:07:00,2019-05-02 15:08:00,1,0,0,0.0,44,1.0,низкая
499674771741,United States,iPhone,MediaTornado,2019-05-01 02:52:00,2019-05-01 03:50:00,58,20,4,10352.0,34,58.0,высокая
173040395850,United States,PC,organic,2019-05-02 08:07:00,2019-05-02 08:09:00,2,0,0,0.0,25,2.0,низкая
239371579771,United States,iPhone,organic,2019-05-02 10:09:00,2019-05-02 10:09:00,0,0,0,0.0,49,0.0,низкая
478420005909,United States,iPhone,organic,2019-05-02 00:05:00,2019-05-02 00:07:00,2,0,0,0.0,55,2.0,низкая
560540298561,United States,Mac,organic,2019-05-02 17:36:00,2019-05-02 17:36:00,0,0,0,0.0,45,0.0,низкая
68752468250,United States,Mac,FaceBoom,2019-05-02 01:11:00,2019-05-02 01:13:00,2,0,0,0.0,48,2.0,низкая
426699187791,United States,Mac,organic,2019-05-01 12:03:00,2019-05-01 13:13:00,70,24,5,12460.0,42,70.0,высокая
587083256965,United States,iPhone,organic,2019-05-02 15:19:00,2019-05-02 15:20:00,1,0,0,0.0,39,1.0,низкая
707990438602,Russia,Mac,organic,2019-05-01 19:40:00,2019-05-01 20:17:00,37,12,3,6327.0,21,37.0,средняя
720111225156,Russia,PC,TipTop,2019-05-01 18:56:00,2019-05-01 20:15:00,79,27,5,13898.0,42,79.0,высокая
805879728542,Russia,PC,organic,2019-05-02 11:44:00,2019-05-02 11:44:00,0,0,0,0.0,43,0.0,низкая
253428566255,Russia,iPhone,FaceBoom,2019-05-01 11:58:00,2019-05-01 12:22:00,24,8,3,4411.0,34,24.0,средняя
590648903855,Russia,Mac,organic,2019-05-01 08:35:00,2019-05-01 09:32:00,57,19,4,9872.0,22,57.0,высокая
855379781425,Russia,Mac,FaceBoom,2019-05-01 19:18:00,2019-05-01 19:46:00,28,10,3,5369.0,48,28.0,средняя
624062538715,Russia,iPhone,FaceBoom,2019-05-02 11:47:00,2019-05-02 11:48:00,1,0,0,0.0,43,1.0,низкая
334225002076,Russia,iPhone,TipTop,2019-05-02 05:26:00,2019-05-02 05:27:00,1,0,0,0.0,23,1.0,низкая
885166962934,Russia,PC,organic,2019-05-02 23:20:00,2019-05-02 23:22:00,2,0,0,0.0,40,2.0,низкая
822775213010,United States,Android,FaceBoom,2019-05-01 15:34:00,2019-05-01 16:15:00,41,14,3,7284.0,46,41.0,средняя
379285585609,United States,iPhone,FaceBoom,2019-05-01 13:59:00,2019-05-01 15:04:00,65,22,4,11310.0,34,65.0,высокая
875804931961,United States,iPhone,organic,2019-05-01 06:03:00,2019-05-01 07:36:00,93,32,6,16485.0,56,93.0,высокая
829235466281,United States,iPhone,organic,2019-05-01 06:56:00,2019-05-01 07:25:00,29,10,3,5369.0,34,29.0,средняя
700534996463,United States,iPhone,TipTop,2019-05-02 16:00:00,2019-05-02 16:01:00,1,0,0,0.0,51,1.0,низкая
324636423117,United States,Mac,organic,2019-05-02 00:03:00,2019-05-02 00:03:00,0,0,0,0.0,37,0.0,низкая
119151377495,United States,iPhone,organic,2019-05-03 10:35:00,2019-05-03 10:36:00,1,0,0,0.0,29,1.0,низкая
500111330219,United States,iPhone,TipTop,2019-05-03 11:37:00,2019-05-03 11:38:00,1,0,0,0.0,50,1.0,низкая
652305234247,United States,iPhone,organic,2019-05-01 15:23:00,2019-05-01 15:58:00,35,12,3,6327.0,11,35.0,средняя
350235853322,United States,Mac,organic,2019-05-01 02:03:00,2019-05-01 03:07:00,64,22,4,11310.0,56,64.0,высокая
946239768828,United States,Mac,FaceBoom,2019-05-03 00:55:00,2019-05-03 00:55:00,0,0,0,0.0,35,0.0,низкая
301452416860,United States,iPhone,TipTop,2019-05-01 19:18:00,2019-05-01 20:53:00,95,32,6,16486.0,29,95.0,высокая
244714600577,United States,iPhone,TipTop,2019-05-03 19:18:00,2019-05-03 19:19:00,1,0,0,0.0,33,1.0,низкая
312249310635,United States,iPhone,FaceBoom,2019-05-01 15:22:00,2019-05-01 16:24:00,62,21,4,10830.0,42,62.0,высокая
226868412926,United States,Android,FaceBoom,2019-05-01 03:39:00,2019-05-01 04:25:00,46,15,3,7764.0,49,46.0,высокая
507386848514,Russia,iPhone,FaceBoom,2019-05-03 23:08:00,2019-05-03 23:10:00,2,0,0,0.0,45,2.0,низкая
79845359872,Russia,iPhone,MediaTornado,2019-05-04 21:16:00,2019-05-04 21:18:00,2,0,0,0.0,31,2.0,низкая
719154454815,Russia,iPhone,TipTop,2019-05-01 11:05:00,2019-05-01 11:45:00,40,14,3,7284.0,32,40.0,средняя
319939546352,Russia,iPhone,organic,2019-05-01 02:37:00,2019-05-01 04:15:00,98,34,7,17636.0,34,98.0,высокая
366000285810,Russia,Android,organic,2019-05-01 10:32:00,2019-05-01 11:33:00,61,20,4,10352.0,17,61.0,высокая
808504763381,Russia,iPhone,organic,2019-05-04 20:41:00,2019-05-04 20:41:00,0,0,0,0.0,20,0.0,низкая
614500259368,United States,Mac,organic,2019-05-01 23:05:00,2019-05-01 23:34:00,29,10,3,5369.0,33,29.0,средняя
612902101251,United States,PC,TipTop,2019-05-01 23:59:00,2019-05-02 00:02:00,3,1,0,0.0,36,3.0,низкая
898370108164,United States,iPhone,organic,2019-05-01 21:01:00,2019-05-01 21:36:00,35,12,3,6327.0,59,35.0,средняя
950345794378,United States,PC,organic,2019-05-01 09:32:00,2019-05-01 10:08:00,36,12,3,6327.0,46,36.0,средняя
593213691105,United States,iPhone,organic,2019-05-01 19:43:00,2019-05-01 20:41:00,58,20,4,10352.0,26,58.0,высокая
123913251438,United States,iPhone,MediaTornado,2019-05-01 14:57:00,2019-05-01 15:00:00,3,1,0,0.0,54,3.0,низкая
74962485576,United States,iPhone,TipTop,2019-05-01 04:15:00,2019-05-01 04:18:00,3,1,0,0.0,40,3.0,низкая
841345352947,United States,iPhone,TipTop,2019-05-01 02:53:00,2019-05-01 02:56:00,3,1,0,0.0,61,3.0,низкая
663528813914,United States,Android,organic,2019-05-01 17:28:00,2019-05-01 17:31:00,3,1,0,0.0,35,3.0,низкая
206727396173,United States,Mac,organic,2019-05-01 19:19:00,2019-05-01 19:22:00,3,1,0,0.0,47,3.0,низкая
186113586976,United States,PC,organic,2019-05-01 23:54:00,2019-05-02 00:44:00,50,17,3,8722.0,29,50.0,высокая
212367762386,United States,Mac,organic,2019-05-01 04:56:00,2019-05-01 04:59:00,3,1,0,0.0,28,3.0,низкая
490075705982,United States,PC,organic,2019-05-01 14:50:00,2019-05-01 16:51:00,121,41,7,20989.0,52,121.0,высокая
192978611060,United States,PC,organic,2019-05-01 12:57:00,2019-05-01 13:00:00,3,1,0,0.0,34,3.0,низкая
521996218750,United States,iPhone,FaceBoom,2019-05-01 02:17:00,2019-05-01 02:20:00,3,1,0,0.0,26,3.0,низкая
785256088997,United States,Mac,organic,2019-05-01 15:56:00,2019-05-01 17:07:00,71,24,5,12460.0,56,71.0,высокая
896258560471,United States,iPhone,FaceBoom,2019-05-01 08:21:00,2019-05-01 08:24:00,3,1,0,0.0,39,3.0,низкая
29144643737,United States,PC,organic,2019-05-01 21:18:00,2019-05-01 21:21:00,3,1,0,0.0,24,3.0,низкая
690796884942,United States,Mac,organic,2019-05-01 23:31:00,2019-05-02 00:07:00,36,12,3,6327.0,37,36.0,средняя
451960316004,United States,PC,organic,2019-05-02 03:11:00,2019-05-02 03:14:00,3,1,0,0.0,29,3.0,низкая
251466277788,United States,Android,TipTop,2019-05-01 21:50:00,2019-05-01 22:35:00,45,15,3,7764.0,41,45.0,высокая
682777048545,United States,iPhone,organic,2019-05-02 18:44:00,2019-05-02 18:47:00,3,1,0,0.0,42,3.0,низкая
751165176839,United States,iPhone,TipTop,2019-05-01 20:57:00,2019-05-01 21:49:00,52,17,3,8722.0,46,52.0,высокая
275506645003,United States,iPhone,TipTop,2019-05-02 08:15:00,2019-05-02 08:18:00,3,1,0,0.0,35,3.0,низкая
231249481635,United States,iPhone,TipTop,2019-05-02 21:14:00,2019-05-02 21:17:00,3,1,0,0.0,43,3.0,низкая
621659314850,United States,PC,organic,2019-05-02 05:35:00,2019-05-02 05:38:00,3,1,0,0.0,33,3.0,низкая
103677291144,United States,iPhone,MediaTornado,2019-05-02 21:24:00,2019-05-02 21:27:00,3,1,0,0.0,30,3.0,низкая
433559415234,United States,iPhone,organic,2019-05-01 19:24:00,2019-05-01 20:51:00,87,29,6,15048.0,31,87.0,высокая
749289365020,United States,Android,organic,2019-05-01 21:40:00,2019-05-01 22:44:00,64,22,4,11310.0,62,64.0,высокая
208966545544,United States,iPhone,organic,2019-05-02 02:33:00,2019-05-02 02:36:00,3,1,0,0.0,21,3.0,низкая
382310304597,United States,iPhone,FaceBoom,2019-05-01 00:35:00,2019-05-01 02:07:00,92,31,6,16006.0,28,92.0,высокая
515414286077,United States,iPhone,organic,2019-05-02 15:53:00,2019-05-02 15:56:00,3,1,0,0.0,40,3.0,низкая
28798562666,United States,Mac,organic,2019-05-02 06:25:00,2019-05-02 06:28:00,3,1,0,0.0,34,3.0,низкая
482924173981,United States,Mac,organic,2019-05-02 01:08:00,2019-05-02 01:11:00,3,1,0,0.0,37,3.0,низкая
682831730517,United States,iPhone,MediaTornado,2019-05-02 08:36:00,2019-05-02 08:39:00,3,1,0,0.0,57,3.0,низкая
147277669713,United States,Mac,organic,2019-05-02 23:25:00,2019-05-02 23:28:00,3,1,0,0.0,31,3.0,низкая
499159390639,United States,iPhone,organic,2019-05-02 07:04:00,2019-05-02 07:07:00,3,1,0,0.0,40,3.0,низкая
888974742187,United States,Android,FaceBoom,2019-05-01 20:22:00,2019-05-01 21:23:00,61,20,4,10352.0,23,61.0,высокая
352646617421,United States,iPhone,TipTop,2019-05-02 08:06:00,2019-05-02 08:09:00,3,1,0,0.0,57,3.0,низкая
970636533965,United States,Android,FaceBoom,2019-05-02 15:14:00,2019-05-02 15:17:00,3,1,0,0.0,18,3.0,низкая
738227732207,United States,iPhone,organic,2019-05-01 03:37:00,2019-05-01 04:11:00,34,12,3,6326.0,65,34.0,средняя
631281582293,United States,iPhone,organic,2019-05-03 00:55:00,2019-05-03 00:58:00,3,1,0,0.0,53,3.0,низкая
137884931773,United States,Mac,TipTop,2019-05-03 23:03:00,2019-05-03 23:06:00,3,1,0,0.0,55,3.0,низкая
946621374238,United States,iPhone,FaceBoom,2019-05-03 13:42:00,2019-05-03 13:45:00,3,1,0,0.0,29,3.0,низкая
230426630090,United States,PC,organic,2019-05-01 00:25:00,2019-05-01 01:36:00,71,24,5,12460.0,16,71.0,высокая
275686335511,United States,PC,organic,2019-05-01 09:48:00,2019-05-01 10:16:00,28,10,3,5369.0,25,28.0,средняя
498607736711,United States,Mac,organic,2019-05-01 01:54:00,2019-05-01 02:31:00,37,12,3,6327.0,36,37.0,средняя
715370223079,United States,PC,organic,2019-05-01 19:34:00,2019-05-01 19:39:00,5,2,0,0.0,57,5.0,низкая
778027854258,United States,Android,organic,2019-05-01 00:59:00,2019-05-01 01:53:00,54,18,4,9394.0,51,54.0,высокая
630970140707,United States,iPhone,organic,2019-05-01 18:16:00,2019-05-01 18:53:00,37,12,3,6327.0,30,37.0,средняя
620325844642,United States,iPhone,organic,2019-05-01 13:49:00,2019-05-01 13:53:00,4,2,1,1151.0,25,4.0,низкая
209521475364,United States,iPhone,TipTop,2019-05-01 22:08:00,2019-05-01 23:11:00,63,22,4,11310.0,24,63.0,высокая
532980536518,United States,iPhone,organic,2019-05-01 08:45:00,2019-05-01 10:03:00,78,27,5,13897.0,43,78.0,высокая
465808345084,United States,Mac,organic,2019-05-01 17:53:00,2019-05-01 18:00:00,7,2,1,2151.0,27,7.0,низкая
569999841108,United States,iPhone,organic,2019-05-01 12:38:00,2019-05-01 13:02:00,24,8,3,4411.0,46,24.0,средняя
670368590918,United States,Android,TipTop,2019-05-01 00:32:00,2019-05-01 00:38:00,6,2,1,3454.0,30,6.0,низкая
961081607337,United States,Android,organic,2019-05-01 11:36:00,2019-05-01 11:40:00,4,2,1,4545.0,49,4.0,низкая
692718872746,United States,iPhone,TipTop,2019-05-01 13:46:00,2019-05-01 13:51:00,5,2,1,1151.0,58,5.0,низкая
582647608512,United States,iPhone,TipTop,2019-05-01 00:52:00,2019-05-01 00:58:00,6,2,1,4545.0,26,6.0,низкая
71021174060,United States,iPhone,FaceBoom,2019-05-01 09:05:00,2019-05-01 09:34:00,29,10,3,5369.0,57,29.0,средняя
5400720363,United States,Mac,organic,2019-05-01 13:43:00,2019-05-01 14:36:00,53,18,4,9394.0,40,53.0,высокая
187105720098,United States,Mac,organic,2019-05-01 06:18:00,2019-05-01 07:06:00,48,17,3,8722.0,32,48.0,высокая
867425351070,United States,iPhone,organic,2019-05-01 11:39:00,2019-05-01 11:43:00,4,2,1,1151.0,37,4.0,низкая
134726461643,United States,Mac,organic,2019-05-01 08:25:00,2019-05-01 10:20:00,115,39,7,20031.0,22,115.0,высокая
780416972417,United States,Android,organic,2019-05-01 02:06:00,2019-05-01 02:36:00,30,10,3,5369.0,52,30.0,средняя
942331306058,United States,iPhone,organic,2019-05-01 05:28:00,2019-05-01 05:33:00,5,2,1,656.0,36,5.0,низкая
419588268806,United States,Android,organic,2019-05-01 00:14:00,2019-05-01 00:21:00,7,2,1,656.0,44,7.0,низкая
327927279217,United States,iPhone,organic,2019-05-01 08:44:00,2019-05-01 09:16:00,32,11,3,5847.0,38,32.0,средняя
774753916215,United States,iPhone,MediaTornado,2019-05-01 23:47:00,2019-05-01 23:52:00,5,2,1,656.0,32,5.0,низкая
460012973454,United States,Mac,organic,2019-05-01 18:46:00,2019-05-01 18:52:00,6,2,1,566.0,25,6.0,низкая
806956823514,United States,Android,organic,2019-05-01 10:13:00,2019-05-01 10:17:00,4,2,1,1151.0,45,4.0,низкая
556697298832,United States,iPhone,MediaTornado,2019-05-01 22:21:00,2019-05-01 22:25:00,4,2,1,563.0,31,4.0,низкая
53439561970,United States,iPhone,FaceBoom,2019-05-01 09:05:00,2019-05-01 09:12:00,7,2,1,35.0,56,7.0,низкая
498245575443,United States,iPhone,organic,2019-05-01 19:07:00,2019-05-01 19:12:00,5,2,1,1151.0,53,5.0,низкая
222737942966,United States,iPhone,organic,2019-05-01 06:39:00,2019-05-01 07:40:00,61,20,4,10352.0,32,61.0,высокая
783308152580,United States,iPhone,organic,2019-05-01 18:36:00,2019-05-01 18:43:00,7,2,1,243.0,45,7.0,низкая
271551316636,United States,Android,organic,2019-05-01 22:44:00,2019-05-01 22:50:00,6,2,1,3456.0,54,6.0,низкая
937861123688,United States,iPhone,organic,2019-05-01 06:44:00,2019-05-01 06:49:00,5,2,1,3546.0,30,5.0,низкая
909283513307,United States,PC,organic,2019-05-01 22:05:00,2019-05-01 22:10:00,5,2,1,345.0,61,5.0,низкая
42863467142,United States,Android,organic,2019-05-01 17:38:00,2019-05-01 18:10:00,32,11,3,5847.0,20,32.0,средняя
329324266229,United States,PC,organic,2019-05-01 20:56:00,2019-05-01 21:02:00,6,2,1,2456.0,58,6.0,низкая
816213653738,United States,iPhone,organic,2019-05-01 19:07:00,2019-05-01 19:13:00,6,2,1,1151.0,43,6.0,низкая
817725146225,United States,Mac,organic,2019-05-01 10:40:00,2019-05-01 10:47:00,7,2,1,435.0,33,7.0,низкая
812819568106,United States,Mac,FaceBoom,2019-05-01 06:54:00,2019-05-01 07:00:00,6,2,1,3465.0,50,6.0,низкая
593558183722,United States,Mac,organic,2019-05-01 20:44:00,2019-05-01 20:50:00,6,2,1,435.0,20,6.0,низкая
231860733762,United States,iPhone,MediaTornado,2019-05-01 04:55:00,2019-05-01 05:18:00,23,8,3,4411.0,46,23.0,средняя
267662454111,United States,iPhone,TipTop,2019-05-01 13:58:00,2019-05-01 14:03:00,5,2,1,435.0,32,5.0,низкая
542201616700,United States,iPhone,MediaTornado,2019-05-02 21:01:00,2019-05-02 21:08:00,7,2,1,1151.0,31,7.0,низкая
186113586976,United States,iPhone,TipTop,2019-05-02 06:30:00,2019-05-02 06:36:00,6,2,1,465.0,55,6.0,низкая
801953773856,United States,Android,MediaTornado,2019-05-02 01:22:00,2019-05-02 01:26:00,4,2,1,466.0,49,4.0,низкая
184810238480,United States,Android,TipTop,2019-05-02 23:53:00,2019-05-02 23:57:00,4,2,1,564.0,31,4.0,низкая
327927279217,United States,Android,organic,2019-05-02 19:30:00,2019-05-02 19:36:00,6,2,1,4646.0,37,6.0,низкая
434198630691,United States,Mac,TipTop,2019-05-02 05:06:00,2019-05-02 05:12:00,6,2,1,1151.0,55,6.0,низкая
897340954083,United States,Android,TipTop,2019-05-02 13:53:00,2019-05-02 13:58:00,5,2,1,3456.0,56,5.0,низкая
968223987665,United States,Mac,FaceBoom,2019-05-02 19:41:00,2019-05-02 19:46:00,5,2,1,453.0,56,5.0,низкая
468826602854,United States,iPhone,organic,2019-05-02 17:38:00,2019-05-02 17:43:00,5,2,1,135.0,14,5.0,низкая
382063864734,United States,Mac,organic,2019-05-02 15:08:00,2019-05-02 15:14:00,6,2,1,4567.0,29,6.0,низкая
7018967756,United States,iPhone,FaceBoom,2019-05-01 20:25:00,2019-05-01 21:07:00,42,14,3,7284.0,22,42.0,средняя
599422537839,United States,Mac,FaceBoom,2019-05-01 20:16:00,2019-05-01 20:43:00,27,9,3,4889.0,32,27.0,средняя
46064941012,United States,iPhone,organic,2019-05-01 21:21:00,2019-05-01 22:45:00,84,29,6,15048.0,20,84.0,высокая
919048214567,United States,PC,FaceBoom,2019-05-01 08:46:00,2019-05-01 09:19:00,33,12,3,6326.0,37,33.0,средняя
321036182822,United States,Mac,organic,2019-05-01 15:37:00,2019-05-01 16:11:00,34,12,3,6326.0,45,34.0,средняя
611752998439,United States,iPhone,organic,2019-05-02 00:42:00,2019-05-02 00:48:00,6,2,1,3546.0,17,6.0,низкая
380565507824,United States,Android,FaceBoom,2019-05-01 16:47:00,2019-05-01 17:40:00,53,18,4,9394.0,36,53.0,высокая
224182758260,United States,Android,organic,2019-05-02 12:55:00,2019-05-02 13:00:00,5,2,1,579.0,29,5.0,низкая
924026632464,United States,PC,organic,2019-05-01 10:28:00,2019-05-01 10:53:00,25,8,3,4411.0,20,25.0,средняя
831718362733,United States,iPhone,organic,2019-05-02 06:18:00,2019-05-02 06:23:00,5,2,1,3544.0,58,5.0,низкая
273492669498,United States,iPhone,organic,2019-05-02 00:00:00,2019-05-02 00:04:00,4,2,1,435.0,39,4.0,низкая
872148430066,United States,iPhone,FaceBoom,2019-05-02 13:37:00,2019-05-02 13:44:00,7,2,1,4546.0,36,7.0,низкая
617662056007,United States,iPhone,organic,2019-05-01 08:56:00,2019-05-01 09:42:00,46,15,3,7764.0,37,46.0,высокая
206499654109,United States,iPhone,organic,2019-05-01 07:16:00,2019-05-01 08:15:00,59,20,4,10352.0,51,59.0,высокая
426072091220,United States,Mac,organic,2019-05-02 22:26:00,2019-05-02 22:30:00,4,2,1,23434.0,50,4.0,низкая
555066228147,United States,iPhone,organic,2019-05-02 01:40:00,2019-05-02 01:46:00,6,2,1,2343.0,64,6.0,низкая
997723904855,United States,Mac,organic,2019-05-01 22:55:00,2019-05-01 23:34:00,39,13,3,6806.0,49,39.0,средняя
192788188996,United States,iPhone,organic,2019-05-02 11:04:00,2019-05-02 11:10:00,6,2,1,1234.0,38,6.0,низкая
769054031523,United States,PC,organic,2019-05-01 16:42:00,2019-05-01 17:06:00,24,8,3,4411.0,30,24.0,средняя
762955091588,United States,Android,MediaTornado,2019-05-01 03:45:00,2019-05-01 04:09:00,24,8,3,4411.0,50,24.0,средняя
143120632908,United States,Android,organic,2019-05-02 01:39:00,2019-05-02 01:46:00,7,2,1,1356.0,46,7.0,низкая
344854525786,United States,Mac,organic,2019-05-01 13:08:00,2019-05-01 14:41:00,93,32,6,16485.0,21,93.0,высокая
213379210527,United States,Mac,MediaTornado,2019-05-01 02:26:00,2019-05-01 03:06:00,40,14,3,7284.0,34,40.0,средняя
468826602854,United States,iPhone,FaceBoom,2019-05-01 02:32:00,2019-05-01 03:46:00,74,25,5,12940.0,22,74.0,высокая
779599518467,United States,iPhone,FaceBoom,2019-05-01 18:19:00,2019-05-01 18:46:00,27,9,3,4889.0,38,27.0,средняя
382063864734,United States,iPhone,MediaTornado,2019-05-01 05:06:00,2019-05-01 05:50:00,44,15,3,7764.0,27,44.0,высокая
451515365818,United States,Mac,FaceBoom,2019-05-01 23:46:00,2019-05-02 01:20:00,94,32,6,16485.0,44,94.0,высокая
899651216018,United States,iPhone,FaceBoom,2019-05-02 05:54:00,2019-05-02 05:58:00,4,2,1,1151.0,56,4.0,низкая
583592836012,United States,Mac,FaceBoom,2019-05-02 14:04:00,2019-05-02 14:09:00,5,2,1,1151.0,24,5.0,низкая
910963353776,United States,iPhone,FaceBoom,2019-05-02 19:12:00,2019-05-02 19:17:00,5,2,1,1151.0,33,5.0,низкая
206727396173,United States,PC,FaceBoom,2019-05-02 20:22:00,2019-05-02 20:29:00,7,2,1,2445.0,31,7.0,низкая
462972854783,United States,Mac,organic,2019-05-02 07:50:00,2019-05-02 07:57:00,7,2,1,10.0,37,7.0,низкая
324306427447,United States,Mac,organic,2019-05-02 03:25:00,2019-05-02 03:30:00,5,2,1,345.0,36,5.0,низкая
238255443220,United States,iPhone,TipTop,2019-05-01 21:30:00,2019-05-01 22:18:00,48,17,3,8722.0,20,48.0,высокая
64474110919,United States,iPhone,FaceBoom,2019-05-01 21:11:00,2019-05-01 21:36:00,25,8,3,4411.0,20,25.0,средняя
617323524756,United States,Android,TipTop,2019-05-01 12:11:00,2019-05-01 12:58:00,47,16,3,8242.0,31,47.0,высокая
428769597608,United States,iPhone,FaceBoom,2019-05-02 21:22:00,2019-05-02 21:28:00,6,2,1,34.0,34,6.0,низкая
927823413821,United States,iPhone,TipTop,2019-05-01 21:53:00,2019-05-01 23:36:00,103,35,7,18116.0,47,103.0,высокая
618859414270,United States,iPhone,organic,2019-05-02 08:32:00,2019-05-02 08:36:00,4,2,1,1151.0,59,4.0,низкая
446313863738,United States,PC,TipTop,2019-05-01 11:00:00,2019-05-01 11:28:00,28,10,3,5369.0,49,28.0,средняя
961081607337,United States,Mac,organic,2019-05-02 08:00:00,2019-05-02 08:07:00,7,2,1,23.0,43,7.0,низкая
276895975067,United States,PC,organic,2019-05-01 22:05:00,2019-05-01 23:15:00,70,24,5,12460.0,54,70.0,высокая
268756360170,United States,Android,organic,2019-05-02 12:14:00,2019-05-02 12:18:00,4,2,1,3435.0,44,4.0,низкая
582647608512,United States,Android,organic,2019-05-02 22:48:00,2019-05-02 22:54:00,6,2,1,1151.0,56,6.0,низкая
88124402132,United States,Android,organic,2019-05-02 17:31:00,2019-05-02 17:36:00,5,2,1,3434.0,49,5.0,низкая
174581195170,United States,iPhone,organic,2019-05-01 20:55:00,2019-05-01 21:59:00,64,22,4,11310.0,51,64.0,высокая
460757834330,United States,Mac,organic,2019-05-01 22:00:00,2019-05-01 22:34:00,34,12,3,6326.0,33,34.0,средняя
221842961701,United States,Mac,FaceBoom,2019-05-02 13:03:00,2019-05-02 13:10:00,7,2,1,3435.0,17,7.0,низкая
783308152580,United States,Android,organic,2019-05-02 01:22:00,2019-05-02 01:27:00,5,2,1,1151.0,56,5.0,низкая
271551316636,United States,iPhone,TipTop,2019-05-02 08:00:00,2019-05-02 08:06:00,6,2,1,3435.0,48,6.0,низкая
581295769943,United States,iPhone,TipTop,2019-05-02 16:00:00,2019-05-02 16:04:00,4,2,1,1151.0,37,4.0,низкая
905321997674,United States,iPhone,FaceBoom,2019-05-02 03:11:00,2019-05-02 03:15:00,4,2,1,4543.0,56,4.0,низкая
103841657709,United States,iPhone,MediaTornado,2019-05-02 04:22:00,2019-05-02 04:26:00,4,2,1,7989.0,32,4.0,низкая
474830527958,United States,iPhone,FaceBoom,2019-05-02 00:19:00,2019-05-02 00:24:00,5,2,1,890.0,10,5.0,низкая
684325308270,United States,Mac,organic,2019-05-02 12:59:00,2019-05-02 13:49:00,50,17,3,8722.0,61,50.0,высокая
792706540762,United States,iPhone,organic,2019-05-02 10:05:00,2019-05-02 10:11:00,6,2,1,1151.0,17,6.0,низкая
808026173409,United States,Mac,organic,2019-05-02 09:06:00,2019-05-02 09:12:00,6,2,1,3400.0,58,6.0,низкая
477753985226,United States,Mac,TipTop,2019-05-02 08:08:00,2019-05-02 08:34:00,26,9,3,4889.0,35,26.0,средняя
425357155257,United States,iPhone,organic,2019-05-02 13:37:00,2019-05-02 13:41:00,4,2,1,239.0,23,4.0,низкая
224182758260,United States,iPhone,TipTop,2019-05-02 21:59:00,2019-05-02 22:29:00,30,10,3,5369.0,31,30.0,средняя
873417229362,United States,iPhone,organic,2019-05-02 23:30:00,2019-05-02 23:56:00,26,9,3,4889.0,16,26.0,средняя
102519763805,United States,iPhone,organic,2019-05-02 22:23:00,2019-05-02 22:30:00,7,2,1,1151.0,44,7.0,низкая
606547156670,United States,PC,TipTop,2019-05-02 15:17:00,2019-05-02 15:44:00,27,9,3,4889.0,16,27.0,средняя
150118026206,United States,Mac,FaceBoom,2019-05-02 03:04:00,2019-05-02 03:32:00,28,10,3,5369.0,26,28.0,средняя
560674181976,United States,iPhone,organic,2019-05-02 16:09:00,2019-05-02 16:15:00,6,2,1,1200.0,51,6.0,низкая
868259735977,United States,iPhone,organic,2019-05-02 23:29:00,2019-05-02 23:57:00,28,10,3,5369.0,45,28.0,средняя
56341587682,United States,PC,FaceBoom,2019-05-02 21:37:00,2019-05-02 22:48:00,71,24,5,12460.0,36,71.0,высокая
533113624129,United States,iPhone,FaceBoom,2019-05-02 23:11:00,2019-05-02 23:18:00,7,2,1,1500.0,34,7.0,низкая
684791403724,United States,PC,organic,2019-05-02 02:48:00,2019-05-02 02:52:00,4,2,1,2345.0,37,4.0,низкая
800971568625,United States,Android,organic,2019-05-02 10:50:00,2019-05-02 10:57:00,7,2,1,546.0,49,7.0,низкая
73293616521,United States,PC,TipTop,2019-05-02 16:24:00,2019-05-02 16:48:00,24,8,3,4411.0,57,24.0,средняя
798801097159,United States,Android,organic,2019-05-02 11:23:00,2019-05-02 11:27:00,4,2,1,457.0,45,4.0,низкая
691914675625,United States,Android,organic,2019-05-02 11:13:00,2019-05-02 12:02:00,49,17,3,8722.0,44,49.0,высокая
766030406634,United States,iPhone,organic,2019-05-02 23:16:00,2019-05-02 23:20:00,4,2,1,456.0,49,4.0,низкая
831718362733,United States,iPhone,MediaTornado,2019-05-02 19:27:00,2019-05-02 20:13:00,46,15,3,7764.0,32,46.0,высокая
101445798255,United States,iPhone,TipTop,2019-05-02 21:16:00,2019-05-02 22:25:00,69,24,5,12460.0,56,69.0,высокая
205007127000,United States,iPhone,organic,2019-05-02 01:23:00,2019-05-02 02:05:00,42,14,3,7284.0,59,42.0,средняя
739141354592,United States,PC,organic,2019-05-02 18:31:00,2019-05-02 18:38:00,7,2,1,56546.0,17,7.0,низкая
273492669498,United States,PC,organic,2019-05-02 07:41:00,2019-05-02 09:01:00,80,27,5,13898.0,30,80.0,высокая
315145794343,United States,iPhone,organic,2019-05-02 04:07:00,2019-05-02 04:11:00,4,2,1,1151.0,36,4.0,низкая
353725123625,United States,iPhone,MediaTornado,2019-05-02 10:40:00,2019-05-02 11:10:00,30,10,3,5369.0,43,30.0,средняя
678252190658,United States,Android,FaceBoom,2019-05-02 17:26:00,2019-05-02 17:32:00,6,2,1,4545.0,50,6.0,низкая
901245502540,United States,iPhone,FaceBoom,2019-05-02 03:49:00,2019-05-02 03:53:00,4,2,1,1151.0,51,4.0,низкая
931712704120,United States,iPhone,organic,2019-05-02 17:53:00,2019-05-02 17:59:00,6,2,1,5657.0,32,6.0,низкая
872148430066,United States,iPhone,TipTop,2019-05-02 20:56:00,2019-05-02 21:29:00,33,12,3,6326.0,59,33.0,средняя
612228953502,United States,Android,TipTop,2019-05-02 00:46:00,2019-05-02 01:32:00,46,15,3,7764.0,31,46.0,высокая
671719983124,United States,PC,organic,2019-05-02 22:44:00,2019-05-02 22:48:00,4,2,1,1151.0,15,4.0,низкая
360408707855,United States,Android,MediaTornado,2019-05-03 22:34:00,2019-05-03 22:39:00,5,2,1,457.0,43,5.0,низкая
931935743840,United States,iPhone,organic,2019-05-02 19:53:00,2019-05-02 20:26:00,33,12,3,6326.0,36,33.0,средняя
825569880933,United States,iPhone,organic,2019-05-03 05:48:00,2019-05-03 05:55:00,7,2,5,23546.0,37,7.0,низкая
685751390783,United States,Mac,organic,2019-05-03 02:53:00,2019-05-03 02:58:00,5,2,1,2300.0,24,5.0,низкая
25732375218,United States,Mac,organic,2019-05-02 02:54:00,2019-05-02 04:18:00,84,29,6,15048.0,58,84.0,высокая
591098203702,United States,Mac,organic,2019-05-02 12:58:00,2019-05-02 13:48:00,50,17,3,8722.0,17,50.0,высокая
160247288296,United States,PC,organic,2019-05-02 05:02:00,2019-05-02 06:35:00,93,32,6,16485.0,48,93.0,высокая
712299050358,United States,Android,FaceBoom,2019-05-03 08:52:00,2019-05-03 08:58:00,6,2,1,1300.0,17,6.0,низкая
756242022563,United States,iPhone,TipTop,2019-05-02 15:28:00,2019-05-02 15:53:00,25,8,3,4411.0,50,25.0,средняя
688028688639,United States,Mac,MediaTornado,2019-05-03 20:16:00,2019-05-03 20:20:00,4,2,2,1200.0,40,4.0,низкая
621553635173,United States,Android,FaceBoom,2019-05-02 19:22:00,2019-05-02 19:54:00,32,11,3,5847.0,20,32.0,средняя
731653885358,United States,Mac,organic,2019-05-03 22:55:00,2019-05-03 22:59:00,4,2,1,123.0,64,4.0,низкая
410844525997,United States,Android,organic,2019-05-02 11:02:00,2019-05-02 12:50:00,108,37,7,19073.0,25,108.0,высокая
974456580990,United States,Android,MediaTornado,2019-05-03 06:13:00,2019-05-03 06:19:00,6,2,3,2151.0,31,6.0,низкая
74576824520,United States,iPhone,organic,2019-05-02 20:44:00,2019-05-02 21:37:00,53,18,4,9394.0,27,53.0,высокая
6899132869,United States,iPhone,organic,2019-05-03 15:26:00,2019-05-03 15:32:00,6,2,1,11501.0,17,6.0,низкая
929408648749,United States,Android,organic,2019-05-02 13:18:00,2019-05-02 13:49:00,31,10,3,5369.0,62,31.0,средняя
142201989728,United States,Mac,organic,2019-05-02 17:56:00,2019-05-02 18:21:00,25,8,3,4411.0,56,25.0,средняя
874455679154,United States,iPhone,TipTop,2019-05-03 09:52:00,2019-05-03 09:57:00,5,2,2,151.0,61,5.0,низкая
996040323520,United States,iPhone,TipTop,2019-05-04 23:46:00,2019-05-04 23:52:00,6,2,1,111.0,34,6.0,низкая
278358060940,United States,PC,organic,2019-05-02 21:18:00,2019-05-02 21:46:00,28,10,3,5369.0,28,28.0,средняя
110865119989,United States,PC,organic,2019-05-02 07:42:00,2019-05-02 08:49:00,67,22,4,11310.0,24,67.0,высокая
673345112617,United States,iPhone,TipTop,2019-05-02 09:40:00,2019-05-02 10:11:00,31,10,3,5369.0,23,31.0,средняя
89765595481,United States,iPhone,TipTop,2019-05-02 08:54:00,2019-05-02 09:33:00,39,13,3,6806.0,23,39.0,средняя
350664448354,United States,Mac,organic,2019-05-04 21:11:00,2019-05-04 21:17:00,6,2,1,111.0,33,6.0,низкая
783905923744,United States,iPhone,TipTop,2019-05-04 23:32:00,2019-05-04 23:38:00,6,2,2,151.0,67,6.0,низкая
636100655792,United States,Mac,FaceBoom,2019-05-02 20:42:00,2019-05-02 21:28:00,46,15,3,7764.0,57,46.0,высокая
981449118918,United States,iPhone,organic,2019-05-01 02:36:00,2019-05-01 02:45:00,9,3,2,1823.0,27,9.0,низкая
924308873083,United States,Mac,organic,2019-05-01 10:25:00,2019-05-01 10:35:00,10,3,2,1823.0,48,10.0,средняя
321335574694,United States,iPhone,organic,2019-05-01 14:26:00,2019-05-01 14:35:00,9,3,0,0.0,55,9.0,низкая
659089181917,United States,Android,organic,2019-05-02 05:54:00,2019-05-02 06:27:00,33,12,3,6326.0,39,33.0,средняя
686572780536,United States,PC,organic,2019-05-02 17:11:00,2019-05-02 18:00:00,49,17,3,8722.0,35,49.0,высокая
175474303813,United States,Mac,MediaTornado,2019-05-02 02:18:00,2019-05-02 03:04:00,46,15,3,7764.0,26,46.0,высокая
39870632479,United States,Mac,FaceBoom,2019-05-02 10:05:00,2019-05-02 11:04:00,59,20,4,10352.0,56,59.0,высокая
186640005583,United States,iPhone,TipTop,2019-05-02 23:11:00,2019-05-02 23:49:00,38,13,3,6806.0,60,38.0,средняя
2396619302,United States,iPhone,organic,2019-05-02 06:14:00,2019-05-02 06:58:00,44,15,3,7764.0,65,44.0,высокая
684979425180,United States,iPhone,organic,2019-05-01 02:21:00,2019-05-01 02:29:00,8,3,2,1823.0,45,8.0,низкая
317750896293,United States,iPhone,FaceBoom,2019-05-02 20:46:00,2019-05-02 21:57:00,71,24,5,12460.0,20,71.0,высокая
555066228147,United States,Android,MediaTornado,2019-05-02 08:18:00,2019-05-02 09:10:00,52,17,3,8722.0,16,52.0,высокая
998513020664,United States,Mac,organic,2019-05-02 19:42:00,2019-05-02 20:20:00,38,13,3,6806.0,56,38.0,средняя
253136183810,Russia,Mac,organic,2019-05-01 10:04:00,2019-05-01 10:13:00,9,3,2,1823.0,45,9.0,низкая
432369715220,United States,PC,organic,2019-05-02 00:44:00,2019-05-02 01:18:00,34,12,3,6326.0,15,34.0,средняя
668304380546,United States,Mac,organic,2019-05-02 04:22:00,2019-05-02 05:04:00,42,14,3,7284.0,25,42.0,средняя
771715952607,United States,Android,organic,2019-05-02 17:24:00,2019-05-02 18:47:00,83,28,6,14570.0,27,83.0,высокая
335120150805,United States,iPhone,FaceBoom,2019-05-02 16:31:00,2019-05-02 17:39:00,68,23,5,11982.0,50,68.0,высокая
172680080954,United States,iPhone,organic,2019-05-01 15:01:00,2019-05-01 15:10:00,9,3,2,1823.0,62,9.0,низкая
19360341521,United States,PC,organic,2019-05-01 23:19:00,2019-05-01 23:29:00,10,3,2,1823.0,24,10.0,средняя
867082222345,Russia,Mac,organic,2019-05-01 16:30:00,2019-05-01 16:38:00,8,3,2,1823.0,26,8.0,низкая
418995554513,United States,PC,TipTop,2019-05-02 09:47:00,2019-05-02 10:30:00,43,15,3,7764.0,53,43.0,высокая
563117398023,United States,Mac,FaceBoom,2019-05-01 04:11:00,2019-05-01 04:20:00,9,3,2,1823.0,33,9.0,низкая
143120632908,United States,iPhone,organic,2019-05-02 12:12:00,2019-05-02 13:22:00,70,24,5,12460.0,41,70.0,высокая
446943958673,United States,Mac,organic,2019-05-01 08:46:00,2019-05-01 08:54:00,8,3,2,1823.0,40,8.0,низкая
500330812886,United States,Mac,organic,2019-05-01 23:16:00,2019-05-01 23:25:00,9,3,2,1823.0,55,9.0,низкая
899651216018,United States,Mac,organic,2019-05-02 08:28:00,2019-05-02 09:08:00,40,14,3,7284.0,27,40.0,средняя
174361394180,United States,iPhone,FaceBoom,2019-05-01 06:36:00,2019-05-01 06:45:00,9,3,2,1823.0,27,9.0,низкая
74352279110,United States,Mac,organic,2019-05-02 06:04:00,2019-05-02 06:45:00,41,14,3,7284.0,45,41.0,средняя
601292388085,United States,iPhone,organic,2019-05-01 22:47:00,2019-05-01 22:57:00,10,3,2,1823.0,33,10.0,средняя
68001516295,United States,iPhone,TipTop,2019-05-01 18:32:00,2019-05-01 18:41:00,9,3,2,1823.0,22,9.0,низкая
646144943578,United States,Android,FaceBoom,2019-05-02 06:45:00,2019-05-02 07:37:00,52,17,3,8722.0,43,52.0,высокая
747288086521,United States,Mac,organic,2019-05-01 07:23:00,2019-05-01 07:33:00,10,3,2,1823.0,48,10.0,средняя
980995413963,United States,Android,organic,2019-05-01 05:18:00,2019-05-01 05:27:00,9,3,2,1823.0,41,9.0,низкая
540188159481,United States,Mac,organic,2019-05-01 13:37:00,2019-05-01 13:46:00,9,3,2,1823.0,45,9.0,низкая
570567644194,United States,iPhone,organic,2019-05-02 07:03:00,2019-05-02 07:13:00,10,3,2,1823.0,61,10.0,средняя
149273509197,United States,Mac,FaceBoom,2019-05-02 06:50:00,2019-05-02 07:15:00,25,8,3,4411.0,34,25.0,средняя
583592836012,United States,Mac,TipTop,2019-05-02 20:57:00,2019-05-02 22:04:00,67,22,4,11310.0,42,67.0,высокая
866354585644,United States,iPhone,organic,2019-05-02 20:05:00,2019-05-02 20:49:00,44,15,3,7764.0,26,44.0,высокая
881948329001,United States,iPhone,organic,2019-05-02 01:10:00,2019-05-02 01:37:00,27,9,3,4889.0,38,27.0,средняя
929032199665,United States,Android,organic,2019-05-02 16:14:00,2019-05-02 16:44:00,30,10,3,5369.0,39,30.0,средняя
870263245422,United States,Mac,organic,2019-05-02 17:00:00,2019-05-02 17:29:00,29,10,3,5369.0,47,29.0,средняя
427066824271,United States,iPhone,organic,2019-05-02 05:19:00,2019-05-02 05:28:00,9,3,2,1823.0,44,9.0,низкая
165524575255,United States,Mac,MediaTornado,2019-05-02 23:53:00,2019-05-03 00:01:00,8,3,2,1823.0,19,8.0,низкая
830543407746,United States,Mac,organic,2019-05-02 06:42:00,2019-05-02 07:26:00,44,15,3,7764.0,41,44.0,высокая
545382014441,United States,iPhone,organic,2019-05-02 22:31:00,2019-05-02 23:27:00,56,19,4,9872.0,46,56.0,высокая
907274252287,United States,Mac,organic,2019-05-02 10:40:00,2019-05-02 11:11:00,31,10,3,5369.0,31,31.0,средняя
866698230166,United States,iPhone,TipTop,2019-05-02 14:46:00,2019-05-02 15:33:00,47,16,3,8242.0,22,47.0,высокая
346488890043,United States,iPhone,organic,2019-05-02 21:01:00,2019-05-02 21:11:00,10,3,2,1823.0,59,10.0,средняя
711033199052,United States,PC,FaceBoom,2019-05-02 17:05:00,2019-05-02 19:22:00,137,46,8,23577.0,36,137.0,высокая
869845223867,United States,Android,organic,2019-05-02 17:05:00,2019-05-02 17:50:00,45,15,3,7764.0,55,45.0,высокая
844594142378,United States,iPhone,organic,2019-05-02 19:33:00,2019-05-02 20:04:00,31,10,3,5369.0,21,31.0,средняя
368787989405,United States,iPhone,organic,2019-05-02 10:52:00,2019-05-02 11:00:00,8,3,2,1823.0,29,8.0,низкая
841689865249,United States,Mac,organic,2019-05-02 10:46:00,2019-05-02 10:54:00,8,3,2,1823.0,37,8.0,низкая
910963353776,United States,Mac,organic,2019-05-02 01:13:00,2019-05-02 02:04:00,51,17,3,8722.0,47,51.0,высокая
367940207823,United States,Mac,organic,2019-05-02 04:27:00,2019-05-02 04:35:00,8,3,2,1823.0,55,8.0,низкая
70966634103,United States,iPhone,organic,2019-05-02 17:32:00,2019-05-02 17:42:00,10,3,2,1823.0,44,10.0,средняя
52621452728,United States,iPhone,organic,2019-05-02 12:30:00,2019-05-02 13:17:00,47,16,3,8242.0,24,47.0,высокая
155076636505,United States,iPhone,TipTop,2019-05-02 20:04:00,2019-05-02 20:14:00,10,3,2,1823.0,19,10.0,средняя
686796578773,United States,iPhone,organic,2019-05-02 00:50:00,2019-05-02 05:12:00,262,88,15,45046.0,24,262.0,высокая
537526476613,United States,Android,organic,2019-05-02 11:13:00,2019-05-02 11:21:00,8,3,2,1823.0,46,8.0,низкая
852898876338,United States,iPhone,MediaTornado,2019-05-02 23:25:00,2019-05-02 23:55:00,30,10,3,5369.0,29,30.0,средняя
561613599172,United States,Mac,TipTop,2019-05-02 20:54:00,2019-05-02 21:04:00,10,3,2,1823.0,52,10.0,средняя
779023586684,United States,Android,organic,2019-05-02 04:53:00,2019-05-02 05:17:00,24,8,3,4411.0,32,24.0,средняя
719012198415,United States,iPhone,organic,2019-05-02 02:08:00,2019-05-02 02:35:00,27,9,3,4889.0,41,27.0,средняя
875325987702,United States,Android,organic,2019-05-02 08:17:00,2019-05-02 08:27:00,10,3,2,1823.0,25,10.0,средняя
418482945108,United States,Mac,organic,2019-05-02 16:09:00,2019-05-02 17:33:00,84,29,6,15048.0,49,84.0,высокая
794371247519,United States,Mac,organic,2019-05-02 12:48:00,2019-05-02 14:06:00,78,27,5,13897.0,49,78.0,высокая
748577009560,United States,Mac,organic,2019-05-02 10:16:00,2019-05-02 10:24:00,8,3,2,1823.0,25,8.0,низкая
965036180456,United States,PC,organic,2019-05-02 07:05:00,2019-05-02 07:13:00,8,3,2,1823.0,49,8.0,низкая
759455956757,United States,Android,TipTop,2019-05-02 06:26:00,2019-05-02 07:30:00,64,22,4,11310.0,64,64.0,высокая
511578691288,United States,Android,organic,2019-05-02 10:28:00,2019-05-02 11:42:00,74,25,5,12940.0,35,74.0,высокая
734194923861,United States,Mac,TipTop,2019-05-02 02:19:00,2019-05-02 02:29:00,10,3,2,1823.0,40,10.0,средняя
833134538046,United States,PC,MediaTornado,2019-05-02 02:09:00,2019-05-02 02:19:00,10,3,2,1823.0,56,10.0,средняя
772567104356,United States,iPhone,organic,2019-05-02 01:50:00,2019-05-02 01:59:00,9,3,2,1823.0,49,9.0,низкая
87158333602,United States,Mac,FaceBoom,2019-05-02 04:22:00,2019-05-02 04:30:00,8,3,2,1823.0,24,8.0,низкая
34377840200,United States,iPhone,organic,2019-05-02 20:57:00,2019-05-02 21:28:00,31,10,3,5369.0,28,31.0,средняя
233128454643,United States,PC,TipTop,2019-05-02 14:28:00,2019-05-02 15:51:00,83,28,6,14570.0,29,83.0,высокая
382819469286,United States,Android,organic,2019-05-02 04:13:00,2019-05-02 04:23:00,10,3,2,1823.0,26,10.0,средняя
191794388596,United States,iPhone,organic,2019-05-02 22:22:00,2019-05-02 22:31:00,9,3,2,1823.0,53,9.0,низкая
608682706122,United States,Mac,MediaTornado,2019-05-02 09:00:00,2019-05-02 09:35:00,35,12,3,6327.0,60,35.0,средняя
271331434289,United States,iPhone,FaceBoom,2019-05-02 10:28:00,2019-05-02 10:53:00,25,8,3,4411.0,46,25.0,средняя
827683555987,United States,Mac,TipTop,2019-05-02 23:51:00,2019-05-02 23:59:00,8,3,2,1823.0,58,8.0,низкая
650269084690,United States,iPhone,TipTop,2019-05-02 22:59:00,2019-05-02 23:26:00,27,9,3,4889.0,33,27.0,средняя
744624457965,United States,iPhone,MediaTornado,2019-05-02 05:41:00,2019-05-02 05:50:00,9,3,2,1823.0,22,9.0,низкая
813505493428,United States,iPhone,FaceBoom,2019-05-02 13:10:00,2019-05-02 13:19:00,9,3,2,1823.0,17,9.0,низкая
369133379089,United States,Mac,organic,2019-05-02 00:58:00,2019-05-02 01:41:00,43,15,3,7764.0,41,43.0,высокая
88124402132,United States,Android,organic,2019-05-02 08:49:00,2019-05-02 08:58:00,9,3,2,1823.0,40,9.0,низкая
365686996329,United States,Mac,organic,2019-05-02 06:02:00,2019-05-02 06:10:00,8,3,2,1823.0,54,8.0,низкая
656342129743,United States,Mac,organic,2019-05-02 12:42:00,2019-05-02 12:50:00,8,3,2,1823.0,54,8.0,низкая
362993941442,United States,PC,organic,2019-05-02 16:52:00,2019-05-02 17:02:00,10,3,2,1823.0,46,10.0,средняя
608835213891,United States,iPhone,organic,2019-05-02 16:16:00,2019-05-02 16:24:00,8,3,2,1823.0,50,8.0,низкая
774938424092,United States,Mac,organic,2019-05-02 21:14:00,2019-05-02 21:24:00,10,3,2,1823.0,26,10.0,средняя
849459340368,United States,Mac,organic,2019-05-02 04:10:00,2019-05-02 04:42:00,32,11,3,5847.0,53,32.0,средняя
483481057271,United States,Mac,MediaTornado,2019-05-02 06:41:00,2019-05-02 07:06:00,25,8,3,4411.0,28,25.0,средняя
588499264097,United States,Mac,TipTop,2019-05-02 12:54:00,2019-05-02 13:03:00,9,3,2,1823.0,60,9.0,низкая
898370108164,United States,Android,organic,2019-05-02 20:56:00,2019-05-02 21:05:00,9,3,2,1823.0,33,9.0,низкая
131619150410,United States,PC,organic,2019-05-02 03:42:00,2019-05-02 04:14:00,32,11,3,5847.0,36,32.0,средняя
738227732207,United States,iPhone,organic,2019-05-02 22:26:00,2019-05-02 22:35:00,9,3,2,1823.0,27,9.0,низкая
638584367534,United States,iPhone,TipTop,2019-05-02 09:31:00,2019-05-02 09:39:00,8,3,2,1823.0,48,8.0,низкая
942237232209,United States,Mac,organic,2019-05-02 04:57:00,2019-05-02 05:43:00,46,15,3,7764.0,54,46.0,высокая
408668484523,United States,Android,TipTop,2019-05-02 01:28:00,2019-05-02 02:06:00,38,13,3,6806.0,55,38.0,средняя
955458993897,United States,Android,organic,2019-05-02 22:25:00,2019-05-02 22:49:00,24,8,3,4411.0,34,24.0,средняя
272077639622,United States,PC,MediaTornado,2019-05-02 23:21:00,2019-05-02 23:29:00,8,3,2,1823.0,64,8.0,низкая
334225002076,United States,Android,MediaTornado,2019-05-02 15:39:00,2019-05-02 15:47:00,8,3,2,1823.0,50,8.0,низкая
335120150805,United States,PC,organic,2019-05-02 05:42:00,2019-05-02 05:51:00,9,3,2,1823.0,41,9.0,низкая
286551484333,United States,iPhone,organic,2019-05-02 07:09:00,2019-05-02 07:58:00,49,17,3,8722.0,25,49.0,высокая
484342911022,United States,Android,organic,2019-05-02 04:11:00,2019-05-02 05:33:00,82,27,5,13898.0,51,82.0,высокая
324306427447,United States,Android,FaceBoom,2019-05-02 16:32:00,2019-05-02 16:55:00,23,8,3,4411.0,29,23.0,средняя
960278728002,United States,Android,FaceBoom,2019-05-02 23:21:00,2019-05-02 23:30:00,9,3,2,1823.0,60,9.0,низкая
931534477821,United States,Mac,organic,2019-05-02 05:40:00,2019-05-02 06:08:00,28,10,3,5369.0,45,28.0,средняя
262620711897,United States,iPhone,organic,2019-05-02 15:45:00,2019-05-02 16:31:00,46,15,3,7764.0,35,46.0,высокая
237679252560,United States,iPhone,organic,2019-05-02 10:07:00,2019-05-02 10:32:00,25,8,3,4411.0,44,25.0,средняя
260916524415,United States,Android,organic,2019-05-02 13:23:00,2019-05-02 14:40:00,77,26,5,13418.0,38,77.0,высокая
518812325881,United States,Android,organic,2019-05-02 12:23:00,2019-05-02 13:46:00,83,28,6,14570.0,52,83.0,высокая
224707726156,United States,PC,TipTop,2019-05-02 13:41:00,2019-05-02 13:51:00,10,3,2,1823.0,50,10.0,средняя
137884931773,United States,Android,organic,2019-05-02 05:55:00,2019-05-02 06:04:00,9,3,2,1823.0,50,9.0,низкая
382394863972,United States,Mac,FaceBoom,2019-05-02 09:40:00,2019-05-02 10:10:00,30,10,3,5369.0,58,30.0,средняя
375268624962,United States,iPhone,MediaTornado,2019-05-02 03:55:00,2019-05-02 04:37:00,42,14,3,7284.0,29,42.0,средняя
614740168132,United States,Mac,TipTop,2019-05-02 23:54:00,2019-05-03 00:04:00,10,3,2,1823.0,42,10.0,средняя
864511840601,United States,Mac,FaceBoom,2019-05-02 04:55:00,2019-05-02 05:03:00,8,3,2,1823.0,35,8.0,низкая
850425634884,United States,iPhone,organic,2019-05-02 06:31:00,2019-05-02 06:40:00,9,3,2,1823.0,33,9.0,низкая
244664513427,United States,iPhone,organic,2019-05-02 16:33:00,2019-05-02 16:41:00,8,3,2,1823.0,43,8.0,низкая
827483099399,United States,PC,organic,2019-05-02 14:27:00,2019-05-02 15:18:00,51,17,3,8722.0,38,51.0,высокая
5854057089,United States,Mac,organic,2019-05-02 23:23:00,2019-05-02 23:53:00,30,10,3,5369.0,43,30.0,средняя
926983059667,United States,Mac,organic,2019-05-02 13:58:00,2019-05-02 14:08:00,10,3,2,1823.0,29,10.0,средняя
278453247122,United States,iPhone,organic,2019-05-02 07:39:00,2019-05-02 08:20:00,41,14,3,7284.0,47,41.0,средняя
850325381510,United States,Android,FaceBoom,2019-05-02 08:35:00,2019-05-02 09:57:00,82,27,5,13898.0,35,82.0,высокая
571391194394,United States,Mac,FaceBoom,2019-05-02 10:24:00,2019-05-02 10:32:00,8,3,2,1823.0,55,8.0,низкая
613130841423,United States,Mac,organic,2019-05-02 02:30:00,2019-05-02 03:53:00,83,28,6,14570.0,24,83.0,высокая
832006302323,United States,Mac,organic,2019-05-02 13:29:00,2019-05-02 14:29:00,60,20,4,10352.0,17,60.0,высокая
514461104674,United States,iPhone,TipTop,2019-05-02 00:52:00,2019-05-02 01:17:00,25,8,3,4411.0,47,25.0,средняя
458282149641,United States,iPhone,organic,2019-05-02 08:10:00,2019-05-02 08:20:00,10,3,2,1823.0,47,10.0,средняя
987123313250,United States,Android,organic,2019-05-03 10:02:00,2019-05-03 10:12:00,10,3,2,1823.0,15,10.0,средняя
635038012911,United States,iPhone,organic,2019-05-03 18:35:00,2019-05-03 18:45:00,10,3,2,1823.0,49,10.0,средняя
977124892485,United States,iPhone,organic,2019-05-03 13:02:00,2019-05-03 13:10:00,8,3,2,1823.0,43,8.0,низкая
969367764818,United States,Android,organic,2019-05-02 22:14:00,2019-05-02 22:49:00,35,12,3,6327.0,57,35.0,средняя
587832912542,United States,Android,organic,2019-05-03 11:29:00,2019-05-03 11:37:00,8,3,2,1823.0,20,8.0,низкая
596556743556,United States,Mac,organic,2019-05-03 22:17:00,2019-05-03 22:25:00,8,3,2,1823.0,43,8.0,низкая
324689022998,United States,PC,organic,2019-05-03 20:45:00,2019-05-03 20:54:00,9,3,2,1823.0,38,9.0,низкая
113111563180,United States,PC,TipTop,2019-05-04 06:41:00,2019-05-04 06:49:00,8,3,2,1823.0,38,8.0,низкая
815204019098,United States,Mac,organic,2019-05-04 07:52:00,2019-05-04 08:01:00,9,3,2,1823.0,36,9.0,низкая
136226778935,United States,Android,FaceBoom,2019-05-01 23:09:00,2019-05-01 23:21:00,12,4,2,2301.0,59,12.0,средняя
649481162824,United States,Android,organic,2019-05-02 06:50:00,2019-05-02 08:26:00,96,32,6,16486.0,67,96.0,высокая
776888182370,United States,iPhone,organic,2019-05-01 16:34:00,2019-05-01 16:45:00,11,4,2,2301.0,35,11.0,средняя
545857758580,United States,iPhone,organic,2019-05-02 03:36:00,2019-05-02 04:30:00,54,18,4,9394.0,23,54.0,высокая
672234064770,United States,iPhone,FaceBoom,2019-05-02 00:42:00,2019-05-02 02:18:00,96,32,6,16486.0,35,96.0,высокая
770275875154,United States,iPhone,MediaTornado,2019-05-02 08:45:00,2019-05-02 09:15:00,30,10,3,5369.0,60,30.0,средняя
749745446993,United States,Mac,organic,2019-05-01 11:25:00,2019-05-01 11:37:00,12,4,2,2301.0,15,12.0,средняя
42151693080,United States,Mac,organic,2019-05-02 22:11:00,2019-05-02 22:34:00,23,8,3,4411.0,45,23.0,средняя
191304915702,United States,iPhone,organic,2019-05-02 13:55:00,2019-05-02 14:29:00,34,12,3,6326.0,40,34.0,средняя
109843833662,United States,Android,organic,2019-05-02 22:44:00,2019-05-02 23:11:00,27,9,3,4889.0,52,27.0,средняя
971277577703,United States,iPhone,organic,2019-05-02 02:27:00,2019-05-02 03:16:00,49,17,3,8722.0,62,49.0,высокая
81131715035,United States,iPhone,organic,2019-05-02 14:35:00,2019-05-02 15:04:00,29,10,3,5369.0,56,29.0,средняя
6637059910,United States,Mac,FaceBoom,2019-05-01 12:17:00,2019-05-01 12:28:00,11,4,2,2301.0,34,11.0,средняя
546589305982,United States,Android,FaceBoom,2019-05-02 19:59:00,2019-05-02 20:32:00,33,12,3,6326.0,51,33.0,средняя
678936610986,United States,PC,organic,2019-05-02 20:40:00,2019-05-02 21:16:00,36,12,3,6327.0,29,36.0,средняя
628574586368,United States,iPhone,FaceBoom,2019-05-02 10:55:00,2019-05-02 11:32:00,37,12,3,6327.0,57,37.0,средняя
701672377659,United States,Android,organic,2019-05-01 09:31:00,2019-05-01 09:43:00,12,4,2,2301.0,41,12.0,средняя
427089510827,United States,PC,TipTop,2019-05-02 09:33:00,2019-05-02 10:15:00,42,14,3,7284.0,52,42.0,средняя
760705549556,United States,iPhone,TipTop,2019-05-01 18:07:00,2019-05-01 18:19:00,12,4,2,2301.0,36,12.0,средняя
489789197000,United States,Android,FaceBoom,2019-05-02 06:12:00,2019-05-02 06:40:00,28,10,3,5369.0,28,28.0,средняя
779773817948,United States,iPhone,organic,2019-05-01 03:49:00,2019-05-01 04:01:00,12,4,2,2301.0,26,12.0,средняя
845827615645,United States,Mac,organic,2019-05-01 01:11:00,2019-05-01 01:23:00,12,4,2,2301.0,27,12.0,средняя
550346814917,United States,Mac,organic,2019-05-02 19:58:00,2019-05-02 20:59:00,61,20,4,10352.0,34,61.0,высокая
18854267236,United States,PC,organic,2019-05-01 18:02:00,2019-05-01 18:14:00,12,4,2,2301.0,20,12.0,средняя
225882295024,United States,Android,organic,2019-05-02 23:21:00,2019-05-03 00:56:00,95,32,6,16486.0,21,95.0,высокая
127355982024,United States,iPhone,organic,2019-05-01 18:37:00,2019-05-01 18:49:00,12,4,2,2301.0,46,12.0,средняя
654098049631,United States,PC,organic,2019-05-01 06:27:00,2019-05-01 06:39:00,12,4,2,2301.0,51,12.0,средняя
272077639622,United States,iPhone,organic,2019-05-01 08:19:00,2019-05-01 08:31:00,12,4,2,2301.0,46,12.0,средняя
297087836166,United States,iPhone,organic,2019-05-02 21:16:00,2019-05-02 22:44:00,88,30,6,15528.0,34,88.0,высокая
798065683752,United States,Android,organic,2019-05-02 06:06:00,2019-05-02 07:32:00,86,29,6,15048.0,45,86.0,высокая
163781283147,United States,Android,TipTop,2019-05-02 23:33:00,2019-05-03 00:00:00,27,9,3,4889.0,61,27.0,средняя
680276258607,United States,Mac,organic,2019-05-02 20:16:00,2019-05-02 21:41:00,85,29,6,15048.0,23,85.0,высокая
427628674666,United States,Mac,organic,2019-05-02 06:16:00,2019-05-02 06:27:00,11,4,2,2301.0,35,11.0,средняя
883214177630,United States,iPhone,FaceBoom,2019-05-02 19:14:00,2019-05-02 19:39:00,25,8,3,4411.0,24,25.0,средняя
646221767633,United States,iPhone,TipTop,2019-05-02 02:09:00,2019-05-02 03:22:00,73,25,5,12940.0,54,73.0,высокая
192788188996,United States,Mac,MediaTornado,2019-05-02 05:51:00,2019-05-02 06:02:00,11,4,2,2301.0,32,11.0,средняя
616405068054,United States,iPhone,organic,2019-05-02 05:31:00,2019-05-02 07:56:00,145,49,9,25207.0,41,145.0,высокая
763901358434,United States,Mac,organic,2019-05-02 01:35:00,2019-05-02 02:21:00,46,15,3,7764.0,25,46.0,высокая
985668657784,United States,Android,organic,2019-05-02 02:44:00,2019-05-02 02:55:00,11,4,2,2301.0,15,11.0,средняя
522568277495,United States,PC,organic,2019-05-02 19:26:00,2019-05-02 19:37:00,11,4,2,2301.0,42,11.0,средняя
987236448851,United States,iPhone,organic,2019-05-02 02:50:00,2019-05-02 03:19:00,29,10,3,5369.0,32,29.0,средняя
829679777937,United States,Android,organic,2019-05-02 22:38:00,2019-05-02 22:49:00,11,4,2,2301.0,29,11.0,средняя
278926553340,United States,PC,organic,2019-05-02 21:05:00,2019-05-02 21:47:00,42,14,3,7284.0,28,42.0,средняя
749991444363,United States,PC,TipTop,2019-05-02 00:22:00,2019-05-02 00:33:00,11,4,2,2301.0,45,11.0,средняя
781768951690,United States,iPhone,organic,2019-05-02 13:51:00,2019-05-02 14:02:00,11,4,2,2301.0,62,11.0,средняя
697807288880,United States,Mac,TipTop,2019-05-02 04:25:00,2019-05-02 04:37:00,12,4,2,2301.0,34,12.0,средняя
960278728002,United States,iPhone,organic,2019-05-02 14:52:00,2019-05-02 15:03:00,11,4,2,2301.0,38,11.0,средняя
543406601872,United States,iPhone,organic,2019-05-02 11:17:00,2019-05-02 12:34:00,77,26,5,13418.0,14,77.0,высокая
486667321487,United States,iPhone,organic,2019-05-02 18:38:00,2019-05-02 18:50:00,12,4,2,2301.0,27,12.0,средняя
618859414270,United States,iPhone,organic,2019-05-02 02:03:00,2019-05-02 02:15:00,12,4,2,2301.0,49,12.0,средняя
176343555200,United States,Mac,TipTop,2019-05-02 11:19:00,2019-05-02 11:45:00,26,9,3,4889.0,45,26.0,средняя
921862398832,United States,iPhone,organic,2019-05-02 20:00:00,2019-05-02 20:33:00,33,12,3,6326.0,35,33.0,средняя
192411464595,United States,iPhone,FaceBoom,2019-05-02 20:44:00,2019-05-02 21:14:00,30,10,3,5369.0,50,30.0,средняя
385089417030,United States,iPhone,organic,2019-05-02 06:11:00,2019-05-02 06:23:00,12,4,2,2301.0,47,12.0,средняя
176959051255,United States,PC,TipTop,2019-05-02 09:31:00,2019-05-02 10:04:00,33,12,3,6326.0,18,33.0,средняя
488255862804,United States,Android,organic,2019-05-02 05:53:00,2019-05-02 06:31:00,38,13,3,6806.0,47,38.0,средняя
767376432915,United States,Mac,organic,2019-05-02 11:55:00,2019-05-02 12:07:00,12,4,2,2301.0,23,12.0,средняя
268756360170,United States,iPhone,organic,2019-05-02 09:35:00,2019-05-02 10:27:00,52,17,3,8722.0,25,52.0,высокая
173462921030,United States,iPhone,FaceBoom,2019-05-02 08:26:00,2019-05-02 09:17:00,51,17,3,8722.0,17,51.0,высокая
751932449724,United States,iPhone,organic,2019-05-02 12:09:00,2019-05-02 12:21:00,12,4,2,2301.0,66,12.0,средняя
858215590167,United States,Android,organic,2019-05-02 13:00:00,2019-05-02 13:11:00,11,4,2,2301.0,52,11.0,средняя
788456453608,United States,iPhone,organic,2019-05-02 18:45:00,2019-05-02 18:57:00,12,4,2,2301.0,22,12.0,средняя
645547903112,United States,Android,FaceBoom,2019-05-02 03:14:00,2019-05-02 03:49:00,35,12,3,6327.0,21,35.0,средняя
227343722466,United States,Mac,organic,2019-05-02 16:36:00,2019-05-02 16:48:00,12,4,2,2301.0,52,12.0,средняя
448141836871,United States,iPhone,organic,2019-05-02 20:03:00,2019-05-02 20:14:00,11,4,2,2301.0,49,11.0,средняя
202095269121,United States,Android,organic,2019-05-02 02:54:00,2019-05-02 03:06:00,12,4,2,2301.0,41,12.0,средняя
207946816411,United States,Mac,organic,2019-05-02 03:04:00,2019-05-02 03:16:00,12,4,2,2301.0,27,12.0,средняя
464742069162,United States,Android,organic,2019-05-02 17:54:00,2019-05-02 18:05:00,11,4,2,2301.0,46,11.0,средняя
575507633672,United States,PC,FaceBoom,2019-05-02 21:36:00,2019-05-02 22:31:00,55,19,4,9872.0,42,55.0,высокая
101146825640,United States,Android,organic,2019-05-02 13:25:00,2019-05-02 14:53:00,88,30,6,15528.0,45,88.0,высокая
480560185060,United States,iPhone,organic,2019-05-02 17:37:00,2019-05-02 17:49:00,12,4,2,2301.0,54,12.0,средняя
666126162157,United States,Android,FaceBoom,2019-05-02 01:22:00,2019-05-02 01:33:00,11,4,2,2301.0,31,11.0,средняя
67486407139,United States,iPhone,TipTop,2019-05-02 03:31:00,2019-05-02 03:43:00,12,4,2,2301.0,52,12.0,средняя
381232762069,United States,iPhone,FaceBoom,2019-05-02 22:22:00,2019-05-02 22:34:00,12,4,2,2301.0,50,12.0,средняя
50527299863,United States,PC,organic,2019-05-02 23:13:00,2019-05-02 23:24:00,11,4,2,2301.0,64,11.0,средняя
206499654109,United States,Mac,organic,2019-05-02 09:38:00,2019-05-02 09:49:00,11,4,2,2301.0,21,11.0,средняя
803524390344,United States,Android,organic,2019-05-02 00:19:00,2019-05-02 00:56:00,37,12,3,6327.0,28,37.0,средняя
939238426297,United States,Mac,organic,2019-05-02 08:33:00,2019-05-02 09:25:00,52,17,3,8722.0,52,52.0,высокая
174454347279,United States,iPhone,TipTop,2019-05-02 00:57:00,2019-05-02 01:35:00,38,13,3,6806.0,33,38.0,средняя
433055995944,United States,Mac,organic,2019-05-02 23:00:00,2019-05-02 23:34:00,34,12,3,6326.0,27,34.0,средняя
408121698518,United States,Android,FaceBoom,2019-05-02 12:53:00,2019-05-02 13:50:00,57,19,4,9872.0,60,57.0,высокая
246275752026,United States,iPhone,MediaTornado,2019-05-02 13:53:00,2019-05-02 14:39:00,46,15,3,7764.0,71,46.0,высокая
209848494597,United States,Mac,TipTop,2019-05-02 06:15:00,2019-05-02 06:27:00,12,4,2,2301.0,31,12.0,средняя
482267088412,United States,Mac,organic,2019-05-02 03:10:00,2019-05-02 03:39:00,29,10,3,5369.0,27,29.0,средняя
540188159481,United States,Mac,FaceBoom,2019-05-02 06:18:00,2019-05-02 06:29:00,11,4,2,2301.0,63,11.0,средняя
606148170124,United States,iPhone,organic,2019-05-02 00:59:00,2019-05-02 01:29:00,30,10,3,5369.0,35,30.0,средняя
186640005583,United States,iPhone,organic,2019-05-02 17:49:00,2019-05-02 18:00:00,11,4,2,2301.0,23,11.0,средняя
501990835449,United States,iPhone,FaceBoom,2019-05-02 20:16:00,2019-05-02 20:27:00,11,4,2,2301.0,57,11.0,средняя
648200077236,United States,Mac,organic,2019-05-02 03:15:00,2019-05-02 03:57:00,42,14,3,7284.0,39,42.0,средняя
25586955627,United States,Android,FaceBoom,2019-05-02 18:28:00,2019-05-02 18:39:00,11,4,2,2301.0,54,11.0,средняя
567448391903,United States,Android,organic,2019-05-02 22:38:00,2019-05-02 22:50:00,12,4,2,2301.0,35,12.0,средняя
155632650276,United States,iPhone,organic,2019-05-02 13:02:00,2019-05-02 14:28:00,86,29,6,15048.0,35,86.0,высокая
640406227215,United States,iPhone,TipTop,2019-05-02 19:26:00,2019-05-02 19:56:00,30,10,3,5369.0,25,30.0,средняя
289984769778,United States,Mac,organic,2019-05-02 14:25:00,2019-05-02 14:58:00,33,12,3,6326.0,37,33.0,средняя
689457580148,United States,Android,MediaTornado,2019-05-02 19:24:00,2019-05-02 19:36:00,12,4,2,2301.0,32,12.0,средняя
391268191626,United States,Android,FaceBoom,2019-05-03 12:21:00,2019-05-03 12:32:00,11,4,2,2301.0,39,11.0,средняя
205180906195,United States,iPhone,TipTop,2019-05-02 15:07:00,2019-05-02 15:31:00,24,8,3,4411.0,51,24.0,средняя
215931197243,United States,Android,organic,2019-05-03 04:44:00,2019-05-03 04:56:00,12,4,2,2301.0,40,12.0,средняя
443806738018,United States,iPhone,organic,2019-05-03 01:44:00,2019-05-03 01:55:00,11,4,2,2301.0,37,11.0,средняя
219726565437,United States,iPhone,organic,2019-05-03 03:49:00,2019-05-03 04:00:00,11,4,2,2301.0,15,11.0,средняя
377703720253,United States,iPhone,organic,2019-05-02 10:10:00,2019-05-02 11:52:00,102,34,7,17636.0,39,102.0,высокая
589320347244,United States,iPhone,organic,2019-05-01 20:03:00,2019-05-01 20:19:00,16,5,2,2781.0,54,16.0,средняя
165309433157,United States,Android,organic,2019-05-01 13:39:00,2019-05-01 13:52:00,13,5,2,2781.0,45,13.0,средняя
588499264097,United States,iPhone,organic,2019-05-01 16:38:00,2019-05-01 16:52:00,14,5,2,2781.0,50,14.0,средняя
957341100357,United States,iPhone,FaceBoom,2019-05-01 05:04:00,2019-05-01 05:19:00,15,5,2,2781.0,16,15.0,средняя
66320894054,United States,iPhone,organic,2019-05-01 20:00:00,2019-05-01 20:15:00,15,5,2,2781.0,58,15.0,средняя
322106255921,United States,Mac,organic,2019-05-01 17:59:00,2019-05-01 18:16:00,17,5,2,2781.0,53,17.0,средняя
861641893424,Russia,iPhone,organic,2019-05-01 05:51:00,2019-05-01 06:05:00,14,5,2,2781.0,20,14.0,средняя
947466024774,United States,iPhone,organic,2019-05-02 02:15:00,2019-05-02 02:56:00,41,14,3,7284.0,54,41.0,средняя
21864304848,United States,iPhone,organic,2019-05-01 01:27:00,2019-05-01 01:44:00,17,5,2,2781.0,42,17.0,средняя
752733425690,United States,iPhone,FaceBoom,2019-05-01 12:55:00,2019-05-01 13:08:00,13,5,2,2781.0,38,13.0,средняя
216926444139,United States,Mac,organic,2019-05-02 10:10:00,2019-05-02 10:39:00,29,10,3,5369.0,49,29.0,средняя
278539725685,United States,iPhone,organic,2019-05-02 04:07:00,2019-05-02 04:42:00,35,12,3,6327.0,24,35.0,средняя
691059545972,United States,Mac,FaceBoom,2019-05-01 05:33:00,2019-05-01 05:49:00,16,5,2,2781.0,27,16.0,средняя
104520297213,United States,Mac,organic,2019-05-01 13:37:00,2019-05-01 13:50:00,13,5,2,2781.0,34,13.0,средняя
275371951655,United States,PC,FaceBoom,2019-05-02 02:41:00,2019-05-02 03:04:00,23,8,3,4411.0,50,23.0,средняя
59058997486,United States,iPhone,organic,2019-05-02 02:41:00,2019-05-02 03:46:00,65,22,4,11310.0,49,65.0,высокая
529610067795,United States,Android,organic,2019-05-01 16:37:00,2019-05-01 16:52:00,15,5,2,2781.0,44,15.0,средняя
388127576567,United States,Mac,organic,2019-05-01 14:35:00,2019-05-01 14:48:00,13,5,2,2781.0,35,13.0,средняя
346019138858,United States,Android,organic,2019-05-01 17:52:00,2019-05-01 18:05:00,13,5,2,2781.0,34,13.0,средняя
306581008273,United States,Android,organic,2019-05-02 21:03:00,2019-05-02 21:44:00,41,14,3,7284.0,50,41.0,средняя
10887840082,United States,Mac,organic,2019-05-02 16:04:00,2019-05-02 16:35:00,31,10,3,5369.0,50,31.0,средняя
882186090341,United States,PC,organic,2019-05-02 13:44:00,2019-05-02 14:45:00,61,20,4,10352.0,27,61.0,высокая
666126162157,United States,Android,TipTop,2019-05-01 01:58:00,2019-05-01 02:12:00,14,5,2,2781.0,42,14.0,средняя
36887497860,United States,Mac,organic,2019-05-02 06:14:00,2019-05-02 07:23:00,69,24,5,12460.0,50,69.0,высокая
765238003221,United States,PC,organic,2019-05-01 06:56:00,2019-05-01 07:09:00,13,5,2,2781.0,31,13.0,средняя
396403498890,United States,PC,FaceBoom,2019-05-01 16:21:00,2019-05-01 16:38:00,17,5,2,2781.0,37,17.0,средняя
762967736114,United States,Mac,TipTop,2019-05-01 16:53:00,2019-05-01 17:08:00,15,5,2,2781.0,53,15.0,средняя
493234349366,United States,Mac,organic,2019-05-02 00:12:00,2019-05-02 00:47:00,35,12,3,6327.0,54,35.0,средняя
90242400005,United States,iPhone,TipTop,2019-05-02 12:39:00,2019-05-02 14:30:00,111,37,7,19073.0,33,111.0,высокая
950155944709,United States,iPhone,organic,2019-05-01 00:46:00,2019-05-01 00:59:00,13,5,2,2781.0,51,13.0,средняя
244878945432,United States,Mac,TipTop,2019-05-02 11:43:00,2019-05-02 12:53:00,70,24,5,12460.0,42,70.0,высокая
784885401335,United States,Mac,FaceBoom,2019-05-02 19:17:00,2019-05-02 20:45:00,88,30,6,15528.0,67,88.0,высокая
253136183810,United States,Android,FaceBoom,2019-05-02 14:28:00,2019-05-02 15:09:00,41,14,3,7284.0,56,41.0,средняя
992236261045,United States,Android,organic,2019-05-01 16:11:00,2019-05-01 16:27:00,16,5,2,2781.0,54,16.0,средняя
181066576860,United States,iPhone,organic,2019-05-02 13:52:00,2019-05-02 14:15:00,23,8,3,4411.0,59,23.0,средняя
172680080954,United States,Android,organic,2019-05-02 19:38:00,2019-05-02 20:36:00,58,20,4,10352.0,62,58.0,высокая
48681240131,United States,iPhone,FaceBoom,2019-05-01 01:25:00,2019-05-01 01:38:00,13,5,2,2781.0,29,13.0,средняя
265181148831,United States,Mac,organic,2019-05-01 21:44:00,2019-05-01 21:58:00,14,5,2,2781.0,45,14.0,средняя
293820189249,United States,iPhone,organic,2019-05-02 13:30:00,2019-05-02 14:04:00,34,12,3,6326.0,57,34.0,средняя
861641893424,United States,Android,organic,2019-05-02 03:26:00,2019-05-02 04:03:00,37,12,3,6327.0,49,37.0,средняя
645681897253,United States,iPhone,TipTop,2019-05-02 07:24:00,2019-05-02 07:56:00,32,11,3,5847.0,60,32.0,средняя
266796485208,United States,Android,FaceBoom,2019-05-01 11:09:00,2019-05-01 11:26:00,17,5,2,2781.0,42,17.0,средняя
639353625408,United States,Android,organic,2019-05-02 12:39:00,2019-05-02 13:33:00,54,18,4,9394.0,24,54.0,высокая
193700432376,United States,Android,organic,2019-05-01 10:32:00,2019-05-01 10:49:00,17,5,2,2781.0,56,17.0,средняя
6637059910,United States,Mac,TipTop,2019-05-02 13:08:00,2019-05-02 14:56:00,108,37,7,19073.0,56,108.0,высокая
867082222345,United States,iPhone,organic,2019-05-02 15:23:00,2019-05-02 16:05:00,42,14,3,7284.0,25,42.0,средняя
736133168801,United States,Android,organic,2019-05-01 05:34:00,2019-05-01 05:50:00,16,5,2,2781.0,28,16.0,средняя
64868737546,United States,PC,FaceBoom,2019-05-01 13:13:00,2019-05-01 13:29:00,16,5,2,2781.0,60,16.0,средняя
222125642245,United States,Mac,organic,2019-05-02 06:07:00,2019-05-02 06:33:00,26,9,3,4889.0,28,26.0,средняя
507976396711,United States,iPhone,TipTop,2019-05-01 01:28:00,2019-05-01 01:41:00,13,5,2,2781.0,16,13.0,средняя
227135660441,United States,Mac,organic,2019-05-01 15:47:00,2019-05-01 16:04:00,17,5,2,2781.0,19,17.0,средняя
379285585609,United States,Mac,organic,2019-05-02 06:34:00,2019-05-02 07:15:00,41,14,3,7284.0,29,41.0,средняя
529610067795,United States,PC,FaceBoom,2019-05-02 06:19:00,2019-05-02 07:07:00,48,17,3,8722.0,63,48.0,высокая
478571391815,United States,iPhone,organic,2019-05-01 02:21:00,2019-05-01 02:38:00,17,5,2,2781.0,35,17.0,средняя
226868412926,United States,Android,organic,2019-05-02 01:23:00,2019-05-02 02:12:00,49,17,3,8722.0,51,49.0,высокая
692710478834,United States,iPhone,organic,2019-05-01 00:06:00,2019-05-01 00:19:00,13,5,2,2781.0,53,13.0,средняя
846285993293,United States,iPhone,organic,2019-05-01 09:54:00,2019-05-01 10:10:00,16,5,2,2781.0,53,16.0,средняя
129100331057,United States,Android,organic,2019-05-02 14:26:00,2019-05-02 15:05:00,39,13,3,6806.0,20,39.0,средняя
611752998439,United States,Mac,organic,2019-05-01 20:40:00,2019-05-01 20:55:00,15,5,2,2781.0,27,15.0,средняя
209848494597,United States,Mac,organic,2019-05-01 02:12:00,2019-05-01 02:27:00,15,5,2,2781.0,30,15.0,средняя
615206550301,United States,Mac,organic,2019-05-01 01:38:00,2019-05-01 01:55:00,17,5,2,2781.0,44,17.0,средняя
751165176839,United States,iPhone,organic,2019-05-02 07:00:00,2019-05-02 08:42:00,102,34,7,17636.0,28,102.0,высокая
30904692333,United States,iPhone,FaceBoom,2019-05-01 05:15:00,2019-05-01 05:29:00,14,5,2,2781.0,27,14.0,средняя
382310304597,United States,iPhone,organic,2019-05-02 15:13:00,2019-05-02 16:04:00,51,17,3,8722.0,46,51.0,высокая
217122892307,United States,Mac,organic,2019-05-01 04:18:00,2019-05-01 04:31:00,13,5,2,2781.0,57,13.0,средняя
600650801505,United States,iPhone,organic,2019-05-02 04:12:00,2019-05-02 04:26:00,14,5,2,2781.0,23,14.0,средняя
265181148831,United States,Android,organic,2019-05-02 22:43:00,2019-05-02 23:37:00,54,18,4,9394.0,57,54.0,высокая
984009345980,United States,iPhone,organic,2019-05-02 10:02:00,2019-05-02 10:16:00,14,5,2,2781.0,55,14.0,средняя
275686335511,United States,Mac,TipTop,2019-05-02 19:54:00,2019-05-02 21:00:00,66,22,4,11310.0,34,66.0,высокая
498607736711,United States,Mac,organic,2019-05-02 11:35:00,2019-05-02 12:09:00,34,12,3,6326.0,45,34.0,средняя
117255506011,United States,PC,FaceBoom,2019-05-02 10:44:00,2019-05-02 10:57:00,13,5,2,2781.0,46,13.0,средняя
378259772247,United States,Mac,organic,2019-05-02 16:34:00,2019-05-02 16:49:00,15,5,2,2781.0,38,15.0,средняя
179084656995,United States,iPhone,organic,2019-05-02 11:19:00,2019-05-02 11:55:00,36,12,3,6327.0,59,36.0,средняя
951898498798,United States,iPhone,organic,2019-05-02 00:45:00,2019-05-02 00:59:00,14,5,2,2781.0,34,14.0,средняя
18854267236,United States,iPhone,organic,2019-05-02 04:01:00,2019-05-02 04:34:00,33,12,3,6326.0,20,33.0,средняя
71021174060,United States,Mac,organic,2019-05-02 19:15:00,2019-05-02 19:58:00,43,15,3,7764.0,54,43.0,высокая
229427452419,United States,iPhone,organic,2019-05-02 22:03:00,2019-05-02 22:19:00,16,5,2,2781.0,43,16.0,средняя
617896122172,United States,PC,FaceBoom,2019-05-02 23:08:00,2019-05-02 23:25:00,17,5,2,2781.0,42,17.0,средняя
357758934759,United States,Android,TipTop,2019-05-02 12:12:00,2019-05-02 12:26:00,14,5,2,2781.0,47,14.0,средняя
5015155420,United States,Android,MediaTornado,2019-05-02 17:35:00,2019-05-02 17:48:00,13,5,2,2781.0,46,13.0,средняя
10404332026,United States,Android,organic,2019-05-02 19:08:00,2019-05-02 20:13:00,65,22,4,11310.0,33,65.0,высокая
23288059743,United States,iPhone,organic,2019-05-02 20:10:00,2019-05-02 20:25:00,15,5,2,2781.0,49,15.0,средняя
222737942966,United States,Mac,organic,2019-05-02 16:26:00,2019-05-02 17:10:00,44,15,3,7764.0,28,44.0,высокая
482867495306,United States,iPhone,organic,2019-05-02 12:49:00,2019-05-02 13:03:00,14,5,2,2781.0,28,14.0,средняя
462972854783,United States,Mac,organic,2019-05-02 00:30:00,2019-05-02 00:45:00,15,5,2,2781.0,44,15.0,средняя
819045144139,United States,Android,FaceBoom,2019-05-02 07:16:00,2019-05-02 08:09:00,53,18,4,9394.0,20,53.0,высокая
186030781350,United States,iPhone,organic,2019-05-02 17:43:00,2019-05-02 18:24:00,41,14,3,7284.0,25,41.0,средняя
954277860460,United States,iPhone,organic,2019-05-02 22:40:00,2019-05-02 22:56:00,16,5,2,2781.0,58,16.0,средняя
747288086521,United States,PC,FaceBoom,2019-05-02 00:43:00,2019-05-02 01:07:00,24,8,3,4411.0,54,24.0,средняя
379907652723,United States,Android,organic,2019-05-02 17:28:00,2019-05-02 17:45:00,17,5,2,2781.0,60,17.0,средняя
66448315388,United States,iPhone,organic,2019-05-02 03:55:00,2019-05-02 04:11:00,16,5,2,2781.0,56,16.0,средняя
428769597608,United States,iPhone,FaceBoom,2019-05-02 23:58:00,2019-05-03 00:13:00,15,5,2,2781.0,39,15.0,средняя
46064941012,United States,Mac,FaceBoom,2019-05-02 13:48:00,2019-05-02 14:13:00,25,8,3,4411.0,38,25.0,средняя
321036182822,United States,iPhone,TipTop,2019-05-02 19:31:00,2019-05-02 20:07:00,36,12,3,6327.0,36,36.0,средняя
224707726156,United States,iPhone,organic,2019-05-02 07:35:00,2019-05-02 07:50:00,15,5,2,2781.0,34,15.0,средняя
688282120291,United States,iPhone,organic,2019-05-02 12:20:00,2019-05-02 12:36:00,16,5,2,2781.0,27,16.0,средняя
306063138067,United States,Mac,organic,2019-05-02 07:13:00,2019-05-02 07:27:00,14,5,2,2781.0,55,14.0,средняя
847576534572,United States,iPhone,TipTop,2019-05-02 09:37:00,2019-05-02 09:54:00,17,5,2,2781.0,22,17.0,средняя
213379210527,United States,iPhone,TipTop,2019-05-02 22:09:00,2019-05-02 23:06:00,57,19,4,9872.0,40,57.0,высокая
327680359058,United States,PC,organic,2019-05-02 04:51:00,2019-05-02 05:07:00,16,5,2,2781.0,30,16.0,средняя
614740168132,United States,iPhone,organic,2019-05-02 21:55:00,2019-05-02 22:08:00,13,5,2,2781.0,49,13.0,средняя
627326523415,United States,Android,organic,2019-05-02 14:34:00,2019-05-02 14:51:00,17,5,2,2781.0,48,17.0,средняя
221842961701,United States,Mac,organic,2019-05-02 17:09:00,2019-05-02 17:26:00,17,5,2,2781.0,33,17.0,средняя
238255443220,United States,Mac,organic,2019-05-02 09:55:00,2019-05-02 10:50:00,55,19,4,9872.0,50,55.0,высокая
927823413821,United States,iPhone,organic,2019-05-02 18:47:00,2019-05-02 19:53:00,66,22,4,11310.0,38,66.0,высокая
813819644146,United States,Mac,organic,2019-05-02 17:48:00,2019-05-02 18:02:00,14,5,2,2781.0,38,14.0,средняя
25586955627,United States,PC,organic,2019-05-02 13:55:00,2019-05-02 14:12:00,17,5,2,2781.0,38,17.0,средняя
174581195170,United States,Mac,organic,2019-05-02 03:37:00,2019-05-02 04:00:00,23,8,3,4411.0,24,23.0,средняя
431648587600,United States,Mac,organic,2019-05-02 08:48:00,2019-05-02 09:44:00,56,19,4,9872.0,60,56.0,высокая
355761474010,United States,iPhone,organic,2019-05-02 17:33:00,2019-05-02 17:46:00,13,5,2,2781.0,45,13.0,средняя
700534996463,United States,iPhone,TipTop,2019-05-02 08:27:00,2019-05-02 09:07:00,40,14,3,7284.0,51,40.0,средняя
331972762210,United States,Android,FaceBoom,2019-05-02 11:20:00,2019-05-02 11:36:00,16,5,2,2781.0,38,16.0,средняя
150118026206,United States,Mac,organic,2019-05-02 13:10:00,2019-05-02 13:39:00,29,10,3,5369.0,38,29.0,средняя
172991619815,United States,Mac,MediaTornado,2019-05-02 10:26:00,2019-05-02 10:40:00,14,5,2,2781.0,50,14.0,средняя
350235853322,United States,iPhone,organic,2019-05-02 23:42:00,2019-05-02 23:56:00,14,5,2,2781.0,21,14.0,средняя
353725123625,United States,Android,TipTop,2019-05-02 08:24:00,2019-05-02 08:49:00,25,8,3,4411.0,47,25.0,средняя
557554672821,United States,iPhone,TipTop,2019-05-02 01:52:00,2019-05-02 02:34:00,42,14,3,7284.0,37,42.0,средняя
396403498890,United States,Android,organic,2019-05-02 18:20:00,2019-05-02 18:37:00,17,5,2,2781.0,37,17.0,средняя
931935743840,United States,iPhone,organic,2019-05-02 15:27:00,2019-05-02 16:30:00,63,22,4,11310.0,51,63.0,высокая
414095973733,United States,iPhone,FaceBoom,2019-05-02 10:26:00,2019-05-02 10:43:00,17,5,2,2781.0,50,17.0,средняя
929408648749,United States,Android,organic,2019-05-02 05:50:00,2019-05-02 07:29:00,99,34,7,17636.0,49,99.0,высокая
110865119989,United States,Android,organic,2019-05-02 00:51:00,2019-05-02 01:36:00,45,15,3,7764.0,60,45.0,высокая
229427452419,United States,Mac,FaceBoom,2019-05-02 23:15:00,2019-05-02 23:43:00,28,10,3,5369.0,31,28.0,средняя
630970140707,United States,iPhone,organic,2019-05-02 05:18:00,2019-05-02 05:35:00,17,5,2,2781.0,34,17.0,средняя
808504763381,United States,iPhone,organic,2019-05-02 18:41:00,2019-05-02 19:07:00,26,9,3,4889.0,54,26.0,средняя
686572780536,United States,Mac,organic,2019-05-02 16:25:00,2019-05-02 17:07:00,42,14,3,7284.0,35,42.0,средняя
25732375218,United States,Android,organic,2019-05-02 14:22:00,2019-05-02 14:36:00,14,5,2,2781.0,51,14.0,средняя
612902101251,United States,iPhone,organic,2019-05-02 09:55:00,2019-05-02 11:26:00,91,31,6,16006.0,41,91.0,высокая
317750896293,United States,PC,TipTop,2019-05-02 21:16:00,2019-05-02 21:39:00,23,8,3,4411.0,55,23.0,средняя
881948329001,United States,Mac,organic,2019-05-02 23:37:00,2019-05-02 23:51:00,14,5,2,2781.0,36,14.0,средняя
998513020664,United States,iPhone,organic,2019-05-02 05:02:00,2019-05-02 06:07:00,65,22,4,11310.0,43,65.0,высокая
869845223867,United States,iPhone,organic,2019-05-02 00:33:00,2019-05-02 00:47:00,14,5,2,2781.0,50,14.0,средняя
852898876338,United States,Mac,organic,2019-05-02 08:17:00,2019-05-02 08:30:00,13,5,2,2781.0,65,13.0,средняя
678936610986,United States,Android,organic,2019-05-02 22:41:00,2019-05-02 22:54:00,13,5,2,2781.0,10,13.0,средняя
763901358434,United States,iPhone,FaceBoom,2019-05-02 22:44:00,2019-05-02 22:58:00,14,5,2,2781.0,29,14.0,средняя
985668657784,United States,Android,organic,2019-05-02 03:03:00,2019-05-02 03:46:00,43,15,3,7764.0,50,43.0,высокая
841689865249,United States,PC,organic,2019-05-02 12:36:00,2019-05-02 13:36:00,60,20,4,10352.0,50,60.0,высокая
23288059743,United States,iPhone,organic,2019-05-02 04:30:00,2019-05-02 05:12:00,42,14,3,7284.0,57,42.0,средняя
744624457965,United States,PC,organic,2019-05-02 17:26:00,2019-05-02 17:40:00,14,5,2,2781.0,45,14.0,средняя
543406601872,United States,iPhone,TipTop,2019-05-02 09:30:00,2019-05-02 09:45:00,15,5,2,2781.0,28,15.0,средняя
907274252287,United States,iPhone,TipTop,2019-05-02 01:15:00,2019-05-02 01:52:00,37,12,3,6327.0,36,37.0,средняя
711033199052,United States,iPhone,organic,2019-05-02 03:36:00,2019-05-02 04:46:00,70,24,5,12460.0,37,70.0,высокая
488255862804,United States,Android,TipTop,2019-05-02 20:57:00,2019-05-02 21:12:00,15,5,2,2781.0,48,15.0,средняя
205180906195,United States,PC,organic,2019-05-02 14:20:00,2019-05-02 14:33:00,13,5,2,2781.0,23,13.0,средняя
155076636505,United States,iPhone,FaceBoom,2019-05-02 19:48:00,2019-05-02 20:56:00,68,23,5,11982.0,18,68.0,высокая
59058997486,United States,iPhone,organic,2019-05-02 05:38:00,2019-05-02 05:55:00,17,5,2,2781.0,13,17.0,средняя
32302092319,United States,iPhone,FaceBoom,2019-05-02 16:46:00,2019-05-02 16:59:00,13,5,2,2781.0,23,13.0,средняя
759455956757,United States,iPhone,organic,2019-05-02 21:52:00,2019-05-02 22:41:00,49,17,3,8722.0,47,49.0,высокая
482867495306,United States,iPhone,organic,2019-05-02 02:02:00,2019-05-02 02:32:00,30,10,3,5369.0,40,30.0,средняя
683323932606,United States,iPhone,FaceBoom,2019-05-02 04:04:00,2019-05-02 04:21:00,17,5,2,2781.0,30,17.0,средняя
650269084690,United States,iPhone,organic,2019-05-02 11:17:00,2019-05-02 11:40:00,23,8,3,4411.0,49,23.0,средняя
933016769344,United States,Android,MediaTornado,2019-05-02 14:41:00,2019-05-02 14:54:00,13,5,2,2781.0,42,13.0,средняя
533344821589,United States,iPhone,organic,2019-05-02 18:37:00,2019-05-02 18:54:00,17,5,2,2781.0,35,17.0,средняя
103677291144,United States,Mac,organic,2019-05-02 17:04:00,2019-05-02 17:33:00,29,10,3,5369.0,48,29.0,средняя
942237232209,United States,iPhone,organic,2019-05-02 09:40:00,2019-05-02 10:40:00,60,20,4,10352.0,39,60.0,высокая
515414286077,United States,Android,MediaTornado,2019-05-02 11:34:00,2019-05-02 12:39:00,65,22,4,11310.0,56,65.0,высокая
371925322116,United States,iPhone,organic,2019-05-02 18:17:00,2019-05-02 18:32:00,15,5,2,2781.0,56,15.0,средняя
748577009560,United States,iPhone,organic,2019-05-02 21:21:00,2019-05-02 22:38:00,77,26,5,13418.0,35,77.0,высокая
784450361673,United States,Android,organic,2019-05-02 09:06:00,2019-05-02 09:23:00,17,5,2,2781.0,47,17.0,средняя
972285827853,United States,iPhone,TipTop,2019-05-02 08:57:00,2019-05-02 09:14:00,17,5,2,2781.0,52,17.0,средняя
308230767458,United States,Android,organic,2019-05-02 07:32:00,2019-05-02 07:48:00,16,5,2,2781.0,60,16.0,средняя
832006302323,United States,Mac,organic,2019-05-02 23:26:00,2019-05-03 00:32:00,66,22,4,11310.0,43,66.0,высокая
943329172271,United States,Mac,organic,2019-05-02 09:55:00,2019-05-02 10:11:00,16,5,2,2781.0,30,16.0,средняя
682831730517,United States,iPhone,TipTop,2019-05-02 11:06:00,2019-05-02 11:58:00,52,17,3,8722.0,36,52.0,высокая
460978556137,United States,Mac,organic,2019-05-02 13:18:00,2019-05-02 13:34:00,16,5,2,2781.0,39,16.0,средняя
770275875154,United States,Mac,organic,2019-05-02 11:35:00,2019-05-02 12:10:00,35,12,3,6327.0,42,35.0,средняя
109843833662,United States,iPhone,FaceBoom,2019-05-02 08:15:00,2019-05-02 08:53:00,38,13,3,6806.0,50,38.0,средняя
499159390639,United States,iPhone,FaceBoom,2019-05-02 01:31:00,2019-05-02 01:57:00,26,9,3,4889.0,26,26.0,средняя
280533319629,United States,iPhone,organic,2019-05-03 15:10:00,2019-05-03 15:23:00,13,5,2,2781.0,53,13.0,средняя
385089417030,United States,iPhone,organic,2019-05-02 02:39:00,2019-05-02 03:42:00,63,22,4,11310.0,50,63.0,высокая
631281582293,United States,iPhone,organic,2019-05-02 08:11:00,2019-05-02 09:04:00,53,18,4,9394.0,53,53.0,высокая
414844422494,United States,Mac,FaceBoom,2019-05-03 13:28:00,2019-05-03 13:44:00,16,5,2,2781.0,53,16.0,средняя
297087836166,United States,iPhone,TipTop,2019-05-02 04:52:00,2019-05-02 05:40:00,48,17,3,8722.0,71,48.0,высокая
163781283147,United States,iPhone,organic,2019-05-02 09:40:00,2019-05-02 10:31:00,51,17,3,8722.0,51,51.0,высокая
758457736569,United States,iPhone,organic,2019-05-03 17:14:00,2019-05-03 17:30:00,16,5,2,2781.0,16,16.0,средняя
751932449724,United States,Mac,organic,2019-05-02 03:38:00,2019-05-02 04:21:00,43,15,3,7764.0,43,43.0,высокая
858215590167,United States,iPhone,organic,2019-05-02 18:48:00,2019-05-02 20:14:00,86,29,6,15048.0,58,86.0,высокая
176773216714,United States,Mac,FaceBoom,2019-05-03 03:03:00,2019-05-03 03:16:00,13,5,2,2781.0,21,13.0,средняя
765170403257,United States,iPhone,organic,2019-05-03 01:16:00,2019-05-03 01:30:00,14,5,2,2781.0,45,14.0,средняя
546810220683,United States,Mac,TipTop,2019-05-03 04:26:00,2019-05-03 04:40:00,14,5,2,2781.0,26,14.0,средняя
176959051255,United States,iPhone,organic,2019-05-02 17:48:00,2019-05-02 19:06:00,78,27,5,13897.0,30,78.0,высокая
2346324608,United States,Android,TipTop,2019-05-04 19:32:00,2019-05-04 19:48:00,16,5,2,2781.0,37,16.0,средняя
692718872746,United States,iPhone,TipTop,2019-05-02 00:55:00,2019-05-02 01:52:00,57,19,4,9872.0,46,57.0,высокая
337182715839,United States,iPhone,TipTop,2019-05-04 00:13:00,2019-05-04 00:26:00,13,5,2,2781.0,54,13.0,средняя
491388450802,United States,Android,FaceBoom,2019-05-04 03:33:00,2019-05-04 03:46:00,13,5,2,2781.0,38,13.0,средняя
133093681678,United States,iPhone,organic,2019-05-02 02:09:00,2019-05-02 02:40:00,31,10,3,5369.0,33,31.0,средняя
384456339120,United States,Mac,organic,2019-05-04 03:01:00,2019-05-04 03:15:00,14,5,2,2781.0,19,14.0,средняя
648200077236,United States,iPhone,organic,2019-05-02 02:20:00,2019-05-02 02:52:00,32,11,3,5847.0,35,32.0,средняя
185365244969,United States,Mac,TipTop,2019-05-01 04:39:00,2019-05-01 04:57:00,18,6,2,3260.0,32,18.0,средняя
724881085036,United States,iPhone,FaceBoom,2019-05-01 07:54:00,2019-05-01 08:12:00,18,6,2,3260.0,44,18.0,средняя
172991619815,United States,Mac,FaceBoom,2019-05-01 11:33:00,2019-05-01 11:51:00,18,6,2,3260.0,35,18.0,средняя
586499238627,United States,Mac,organic,2019-05-01 16:32:00,2019-05-01 16:50:00,18,6,2,3260.0,55,18.0,средняя
608835213891,United States,Mac,organic,2019-05-02 01:50:00,2019-05-02 02:16:00,26,9,3,4889.0,35,26.0,средняя
160941187397,United States,iPhone,organic,2019-05-01 17:38:00,2019-05-01 17:56:00,18,6,2,3260.0,27,18.0,средняя
232645811069,United States,Android,MediaTornado,2019-05-02 15:58:00,2019-05-02 16:21:00,23,8,3,4411.0,30,23.0,средняя
935133189111,United States,Mac,organic,2019-05-01 20:21:00,2019-05-01 20:39:00,18,6,2,3260.0,50,18.0,средняя
36887497860,United States,iPhone,TipTop,2019-05-02 08:14:00,2019-05-02 08:57:00,43,15,3,7764.0,49,43.0,высокая
963073723447,United States,Mac,organic,2019-05-01 00:18:00,2019-05-01 00:36:00,18,6,2,3260.0,41,18.0,средняя
653462760786,United States,iPhone,organic,2019-05-02 08:58:00,2019-05-02 09:43:00,45,15,3,7764.0,39,45.0,высокая
968223987665,United States,iPhone,TipTop,2019-05-01 14:25:00,2019-05-01 14:43:00,18,6,2,3260.0,32,18.0,средняя
210615724904,United States,Mac,FaceBoom,2019-05-02 10:41:00,2019-05-02 10:59:00,18,6,2,3260.0,29,18.0,средняя
36345234521,United States,iPhone,organic,2019-05-02 11:20:00,2019-05-02 11:52:00,32,11,3,5847.0,41,32.0,средняя
931816152398,United States,Mac,FaceBoom,2019-05-02 13:05:00,2019-05-02 13:23:00,18,6,2,3260.0,46,18.0,средняя
229993086655,United States,iPhone,organic,2019-05-02 05:41:00,2019-05-02 05:59:00,18,6,2,3260.0,23,18.0,средняя
316336063919,United States,Android,organic,2019-05-02 00:41:00,2019-05-02 01:04:00,23,8,3,4411.0,58,23.0,средняя
703837928748,United States,PC,organic,2019-05-02 17:50:00,2019-05-02 18:08:00,18,6,2,3260.0,20,18.0,средняя
326874986903,United States,Mac,organic,2019-05-02 16:42:00,2019-05-02 17:00:00,18,6,2,3260.0,38,18.0,средняя
532485546836,United States,iPhone,organic,2019-05-02 07:41:00,2019-05-02 08:15:00,34,12,3,6326.0,48,34.0,средняя
947128900376,United States,PC,organic,2019-05-02 10:12:00,2019-05-02 10:56:00,44,15,3,7764.0,43,44.0,высокая
276895975067,United States,Android,organic,2019-05-02 23:37:00,2019-05-02 23:55:00,18,6,2,3260.0,27,18.0,средняя
84799650366,United States,iPhone,MediaTornado,2019-05-02 03:54:00,2019-05-02 04:35:00,41,14,3,7284.0,59,41.0,средняя
44402090548,United States,iPhone,organic,2019-05-02 05:22:00,2019-05-02 06:19:00,57,19,4,9872.0,43,57.0,высокая
325963051404,United States,iPhone,organic,2019-05-02 17:35:00,2019-05-02 18:01:00,26,9,3,4889.0,46,26.0,средняя
997065722971,United States,iPhone,organic,2019-05-02 02:57:00,2019-05-02 03:15:00,18,6,2,3260.0,41,18.0,средняя
211227653978,United States,Mac,organic,2019-05-03 23:22:00,2019-05-03 23:40:00,18,6,2,3260.0,28,18.0,средняя
141837741427,United States,Unknown,MediaTornado,2019-05-01 01:59:00,2019-05-01 02:21:00,22,7,2,3739.0,34,22.0,средняя
728713380120,United States,Android,organic,2019-05-02 19:03:00,2019-05-02 19:33:00,30,10,3,5369.0,43,30.0,средняя
157877034671,United States,iPhone,TipTop,2019-05-01 01:51:00,2019-05-01 02:12:00,21,7,2,3739.0,50,21.0,средняя
524629398969,United States,iPhone,FaceBoom,2019-05-01 15:34:00,2019-05-01 15:56:00,22,7,2,3739.0,25,22.0,средняя
331972762210,United States,iPhone,TipTop,2019-05-01 00:09:00,2019-05-01 00:31:00,22,7,2,3739.0,24,22.0,средняя
182632440867,United States,iPhone,organic,2019-05-02 07:56:00,2019-05-02 08:42:00,46,15,3,7764.0,52,46.0,высокая
36896880072,United States,Android,organic,2019-05-01 11:23:00,2019-05-01 11:45:00,22,7,2,3739.0,45,22.0,средняя
321546106774,United States,Mac,organic,2019-05-02 06:11:00,2019-05-02 07:28:00,77,26,5,13418.0,45,77.0,высокая
652837831920,United States,iPhone,FaceBoom,2019-05-02 07:16:00,2019-05-02 08:14:00,58,20,4,10352.0,63,58.0,высокая
763233345611,United States,iPhone,organic,2019-05-01 14:12:00,2019-05-01 14:34:00,22,7,2,3739.0,59,22.0,средняя
115594123615,United States,Mac,organic,2019-05-02 22:44:00,2019-05-03 00:26:00,102,34,7,17636.0,36,102.0,высокая
427717866507,United States,Mac,TipTop,2019-05-01 14:50:00,2019-05-01 15:09:00,19,7,2,3739.0,36,19.0,средняя
7041371989,United States,Mac,organic,2019-05-01 19:01:00,2019-05-01 19:21:00,20,7,2,3739.0,40,20.0,средняя
34189933503,United States,iPhone,TipTop,2019-05-01 01:56:00,2019-05-01 02:15:00,19,7,2,3739.0,35,19.0,средняя
444773224507,United States,PC,organic,2019-05-01 06:20:00,2019-05-01 06:39:00,19,7,2,3739.0,35,19.0,средняя
862262209878,United States,iPhone,organic,2019-05-01 02:02:00,2019-05-01 02:23:00,21,7,2,3739.0,39,21.0,средняя
185942645210,United States,Android,organic,2019-05-02 21:06:00,2019-05-02 21:33:00,27,9,3,4889.0,62,27.0,средняя
857356470921,United States,Mac,organic,2019-05-01 06:55:00,2019-05-01 07:14:00,19,7,2,3739.0,46,19.0,средняя
399839633563,United States,iPhone,organic,2019-05-02 14:45:00,2019-05-02 15:09:00,24,8,3,4411.0,48,24.0,средняя
320530002460,United States,PC,organic,2019-05-02 16:53:00,2019-05-02 17:51:00,58,20,4,10352.0,44,58.0,высокая
626807144131,United States,Android,organic,2019-05-01 03:05:00,2019-05-01 03:27:00,22,7,2,3739.0,43,22.0,средняя
690714109227,United States,iPhone,TipTop,2019-05-02 20:02:00,2019-05-02 20:44:00,42,14,3,7284.0,27,42.0,средняя
970225426962,United States,Mac,organic,2019-05-01 07:27:00,2019-05-01 07:49:00,22,7,2,3739.0,64,22.0,средняя
695194949425,United States,iPhone,organic,2019-05-02 14:46:00,2019-05-02 15:22:00,36,12,3,6327.0,20,36.0,средняя
233510035515,United States,iPhone,organic,2019-05-02 02:41:00,2019-05-02 03:18:00,37,12,3,6327.0,55,37.0,средняя
74933624867,United States,iPhone,organic,2019-05-02 01:00:00,2019-05-02 01:54:00,54,18,4,9394.0,31,54.0,высокая
914062168985,United States,Mac,organic,2019-05-01 23:06:00,2019-05-01 23:25:00,19,7,2,3739.0,35,19.0,средняя
67486407139,United States,Mac,FaceBoom,2019-05-01 02:51:00,2019-05-01 03:10:00,19,7,2,3739.0,24,19.0,средняя
769669137453,United States,iPhone,organic,2019-05-01 05:59:00,2019-05-01 06:18:00,19,7,2,3739.0,39,19.0,средняя
781680936651,United States,iPhone,TipTop,2019-05-01 13:00:00,2019-05-01 13:22:00,22,7,2,3739.0,29,22.0,средняя
240702200943,United States,iPhone,FaceBoom,2019-05-02 10:42:00,2019-05-02 11:30:00,48,17,3,8722.0,48,48.0,высокая
165506868592,United States,Android,organic,2019-05-02 13:17:00,2019-05-02 15:01:00,104,35,7,18116.0,33,104.0,высокая
967708279629,United States,iPhone,organic,2019-05-02 04:41:00,2019-05-02 05:32:00,51,17,3,8722.0,54,51.0,высокая
129463314840,United States,Android,organic,2019-05-02 01:22:00,2019-05-02 02:40:00,78,27,5,13897.0,27,78.0,высокая
946007369560,United States,iPhone,FaceBoom,2019-05-02 14:03:00,2019-05-02 15:03:00,60,20,4,10352.0,37,60.0,высокая
103491908070,United States,iPhone,organic,2019-05-01 20:27:00,2019-05-01 20:46:00,19,7,2,3739.0,26,19.0,средняя
489517491267,United States,iPhone,organic,2019-05-02 18:59:00,2019-05-02 20:13:00,74,25,5,12940.0,57,74.0,высокая
423782380150,United States,Android,FaceBoom,2019-05-01 03:20:00,2019-05-01 03:40:00,20,7,2,3739.0,30,20.0,средняя
434198630691,United States,iPhone,organic,2019-05-01 11:07:00,2019-05-01 11:27:00,20,7,2,3739.0,22,20.0,средняя
487311796183,United States,Mac,organic,2019-05-01 06:52:00,2019-05-01 07:12:00,20,7,2,3739.0,37,20.0,средняя
747890662195,United States,PC,organic,2019-05-02 09:19:00,2019-05-02 10:12:00,53,18,4,9394.0,37,53.0,высокая
186030781350,United States,PC,organic,2019-05-01 01:49:00,2019-05-01 02:08:00,19,7,2,3739.0,31,19.0,средняя
906051170954,United States,Mac,organic,2019-05-02 21:15:00,2019-05-02 21:42:00,27,9,3,4889.0,49,27.0,средняя
665508659707,United States,Android,organic,2019-05-01 00:14:00,2019-05-01 00:36:00,22,7,2,3739.0,42,22.0,средняя
922134154116,United States,iPhone,MediaTornado,2019-05-02 10:53:00,2019-05-02 11:29:00,36,12,3,6327.0,54,36.0,средняя
114265844720,United States,iPhone,TipTop,2019-05-01 19:26:00,2019-05-01 19:45:00,19,7,2,3739.0,30,19.0,средняя
371096652431,United States,iPhone,organic,2019-05-03 07:58:00,2019-05-03 09:00:00,62,21,4,10830.0,59,62.0,высокая
20113809617,United States,Android,FaceBoom,2019-05-01 03:56:00,2019-05-01 04:18:00,22,7,2,3739.0,11,22.0,средняя
431648587600,United States,iPhone,organic,2019-05-01 23:33:00,2019-05-01 23:55:00,22,7,2,3739.0,40,22.0,средняя
264651041337,United States,Mac,organic,2019-05-03 04:30:00,2019-05-03 05:27:00,57,19,4,9872.0,29,57.0,высокая
429896003684,United States,iPhone,organic,2019-05-03 17:31:00,2019-05-03 17:59:00,28,10,3,5369.0,34,28.0,средняя
477608383424,United States,iPhone,organic,2019-05-03 02:58:00,2019-05-03 03:28:00,30,10,3,5369.0,50,30.0,средняя
530805337839,United States,Mac,TipTop,2019-05-03 23:28:00,2019-05-03 23:56:00,28,10,3,5369.0,57,28.0,средняя
230020740838,United States,Mac,organic,2019-05-01 14:33:00,2019-05-01 14:52:00,19,7,2,3739.0,29,19.0,средняя
696427790136,United States,iPhone,FaceBoom,2019-05-03 17:08:00,2019-05-03 18:21:00,73,25,5,12940.0,36,73.0,высокая
841448444550,United States,Android,TipTop,2019-05-02 16:59:00,2019-05-02 17:20:00,21,7,2,3739.0,54,21.0,средняя
557554672821,United States,Android,organic,2019-05-02 21:39:00,2019-05-02 22:01:00,22,7,2,3739.0,54,22.0,средняя
861181038122,United States,Android,organic,2019-05-02 12:11:00,2019-05-02 12:33:00,22,7,2,3739.0,41,22.0,средняя
521456322915,United States,iPhone,organic,2019-05-02 13:18:00,2019-05-02 13:38:00,20,7,2,3739.0,26,20.0,средняя
71310958837,United States,iPhone,organic,2019-05-03 18:58:00,2019-05-03 19:23:00,25,8,3,4411.0,30,25.0,средняя
216707928845,United States,iPhone,organic,2019-05-02 20:16:00,2019-05-02 20:38:00,22,7,2,3739.0,45,22.0,средняя
297179963287,United States,PC,organic,2019-05-02 08:37:00,2019-05-02 08:58:00,21,7,2,3739.0,15,21.0,средняя
229766500352,United States,iPhone,organic,2019-05-02 22:28:00,2019-05-02 22:48:00,20,7,2,3739.0,23,20.0,средняя
924394269861,United States,Android,organic,2019-05-03 23:21:00,2019-05-04 00:09:00,48,17,3,8722.0,15,48.0,высокая
249777752666,United States,iPhone,organic,2019-05-02 06:43:00,2019-05-02 07:03:00,20,7,2,3739.0,39,20.0,средняя
785831685491,United States,iPhone,TipTop,2019-05-02 04:24:00,2019-05-02 04:46:00,22,7,2,3739.0,33,22.0,средняя
507854873477,United States,Mac,organic,2019-05-02 12:48:00,2019-05-02 13:08:00,20,7,2,3739.0,63,20.0,средняя
197763072517,United States,Android,organic,2019-05-03 01:11:00,2019-05-03 02:46:00,95,32,6,16486.0,47,95.0,высокая
45476599272,United States,Android,FaceBoom,2019-05-03 03:03:00,2019-05-03 03:40:00,37,12,3,6327.0,60,37.0,средняя
426072091220,United States,PC,organic,2019-05-02 01:57:00,2019-05-02 02:16:00,19,7,2,3739.0,51,19.0,средняя
783756760096,United States,iPhone,organic,2019-05-03 16:07:00,2019-05-03 17:25:00,78,27,5,13897.0,20,78.0,высокая
663154397329,United States,iPhone,TipTop,2019-05-03 23:00:00,2019-05-03 23:41:00,41,14,3,7284.0,46,41.0,средняя
339982906129,United States,Android,FaceBoom,2019-05-02 20:08:00,2019-05-02 20:30:00,22,7,2,3739.0,64,22.0,средняя
878248716994,United States,PC,organic,2019-05-02 13:33:00,2019-05-02 13:53:00,20,7,2,3739.0,40,20.0,средняя
929744807312,United States,iPhone,TipTop,2019-05-03 14:45:00,2019-05-03 15:28:00,43,15,3,7764.0,51,43.0,высокая
567063005395,United States,iPhone,MediaTornado,2019-05-03 04:42:00,2019-05-03 05:17:00,35,12,3,6327.0,51,35.0,средняя
120525888195,United States,Android,TipTop,2019-05-03 09:41:00,2019-05-03 10:37:00,56,19,4,9872.0,25,56.0,высокая
847069064465,United States,PC,FaceBoom,2019-05-02 18:45:00,2019-05-02 19:05:00,20,7,2,3739.0,21,20.0,средняя
959109335666,United States,iPhone,organic,2019-05-03 12:01:00,2019-05-03 12:41:00,40,14,3,7284.0,40,40.0,средняя
860709894866,United States,iPhone,organic,2019-05-03 18:50:00,2019-05-03 19:15:00,25,8,3,4411.0,52,25.0,средняя
91707550199,United States,Mac,organic,2019-05-03 06:45:00,2019-05-03 07:54:00,69,24,5,12460.0,47,69.0,высокая
216378607623,United States,iPhone,organic,2019-05-03 19:21:00,2019-05-03 21:23:00,122,41,7,20989.0,29,122.0,высокая
81585546993,United States,iPhone,organic,2019-05-02 12:49:00,2019-05-02 13:10:00,21,7,2,3739.0,37,21.0,средняя
529887371748,United States,Mac,organic,2019-05-03 12:52:00,2019-05-03 13:59:00,67,22,4,11310.0,25,67.0,высокая
501990835449,United States,Mac,organic,2019-05-02 17:13:00,2019-05-02 17:33:00,20,7,2,3739.0,33,20.0,средняя
784328289169,United States,iPhone,FaceBoom,2019-05-02 03:18:00,2019-05-02 03:40:00,22,7,2,3739.0,31,22.0,средняя
83512036139,United States,iPhone,FaceBoom,2019-05-03 10:55:00,2019-05-03 11:39:00,44,15,3,7764.0,53,44.0,высокая
726578281079,United States,Mac,organic,2019-05-03 15:50:00,2019-05-03 16:34:00,44,15,3,7764.0,48,44.0,высокая
954136696753,United States,Mac,organic,2019-05-01 07:27:00,2019-05-01 07:49:00,22,7,2,3739.0,36,22.0,средняя
529697267522,United States,Mac,organic,2019-05-01 07:27:00,2019-05-01 07:49:00,22,7,2,3739.0,33,22.0,средняя
471280094470,United States,PC,organic,2019-05-03 17:18:00,2019-05-03 17:50:00,32,11,3,5847.0,23,32.0,средняя
284337281070,United States,iPhone,organic,2019-05-03 08:33:00,2019-05-03 09:15:00,42,14,3,7284.0,40,42.0,средняя
243642178768,United States,Android,organic,2019-05-03 15:02:00,2019-05-03 15:36:00,34,12,3,6326.0,26,34.0,средняя
697652307672,United States,iPhone,MediaTornado,2019-05-03 23:31:00,2019-05-04 00:08:00,37,12,3,6327.0,62,37.0,средняя
265696162863,United States,iPhone,FaceBoom,2019-05-02 02:19:00,2019-05-02 02:40:00,21,7,2,3739.0,28,21.0,средняя
105692369349,United States,iPhone,organic,2019-05-02 17:08:00,2019-05-02 17:30:00,22,7,2,3739.0,48,22.0,средняя
207095667335,United States,iPhone,TipTop,2019-05-03 07:49:00,2019-05-03 08:16:00,27,9,3,4889.0,41,27.0,средняя
471696964639,United States,Android,organic,2019-05-02 19:01:00,2019-05-02 19:22:00,21,7,2,3739.0,56,21.0,средняя
133093681678,United States,Android,organic,2019-05-02 17:27:00,2019-05-02 17:48:00,21,7,2,3739.0,29,21.0,средняя
763388948404,United States,iPhone,FaceBoom,2019-05-02 23:44:00,2019-05-03 00:04:00,20,7,2,3739.0,32,20.0,средняя
798247453644,United States,Android,organic,2019-05-03 02:53:00,2019-05-03 03:20:00,27,9,3,4889.0,29,27.0,средняя
861333983923,United States,Mac,MediaTornado,2019-05-03 12:09:00,2019-05-03 12:32:00,23,8,3,4411.0,30,23.0,средняя
112115982923,United States,iPhone,organic,2019-05-03 14:36:00,2019-05-03 15:03:00,27,9,3,4889.0,30,27.0,средняя
860476078548,United States,PC,organic,2019-05-03 00:42:00,2019-05-03 01:32:00,50,17,3,8722.0,39,50.0,высокая
820380982279,United States,iPhone,organic,2019-05-03 05:49:00,2019-05-03 06:17:00,28,10,3,5369.0,57,28.0,средняя
48831405665,United States,iPhone,organic,2019-05-03 14:11:00,2019-05-03 16:04:00,113,39,7,20031.0,36,113.0,высокая
232645811069,United States,PC,organic,2019-05-02 23:48:00,2019-05-03 00:07:00,19,7,2,3739.0,45,19.0,средняя
512250654369,United States,Mac,FaceBoom,2019-05-02 14:21:00,2019-05-02 14:40:00,19,7,2,3739.0,16,19.0,средняя
174361394180,United States,Mac,organic,2019-05-02 17:25:00,2019-05-02 17:47:00,22,7,2,3739.0,55,22.0,средняя
928482821528,United States,Mac,organic,2019-05-02 00:39:00,2019-05-02 00:59:00,20,7,2,3739.0,58,20.0,средняя
857783507893,United States,PC,organic,2019-05-03 12:59:00,2019-05-03 13:33:00,34,12,3,6326.0,23,34.0,средняя
778027854258,United States,iPhone,FaceBoom,2019-05-02 18:57:00,2019-05-02 19:17:00,20,7,2,3739.0,37,20.0,средняя
454223140723,United States,Mac,MediaTornado,2019-05-03 20:33:00,2019-05-03 21:26:00,53,18,4,9394.0,37,53.0,высокая
691373096764,United States,iPhone,organic,2019-05-03 20:15:00,2019-05-03 20:46:00,31,10,3,5369.0,54,31.0,средняя
247711587674,United States,iPhone,organic,2019-05-03 06:37:00,2019-05-03 08:15:00,98,34,7,17636.0,40,98.0,высокая
266796485208,United States,iPhone,TipTop,2019-05-02 05:59:00,2019-05-02 06:18:00,19,7,2,3739.0,28,19.0,средняя
33606575057,United States,iPhone,FaceBoom,2019-05-03 03:44:00,2019-05-03 05:11:00,87,29,6,15048.0,17,87.0,высокая
5400720363,United States,Android,organic,2019-05-02 12:05:00,2019-05-02 12:27:00,22,7,2,3739.0,31,22.0,средняя
134726461643,United States,iPhone,MediaTornado,2019-05-02 15:14:00,2019-05-02 15:33:00,19,7,2,3739.0,24,19.0,средняя
423782380150,United States,PC,organic,2019-05-02 11:59:00,2019-05-02 12:19:00,20,7,2,3739.0,29,20.0,средняя
445724754149,United States,Android,organic,2019-05-03 18:54:00,2019-05-03 19:29:00,35,12,3,6327.0,24,35.0,средняя
599422537839,United States,Mac,FaceBoom,2019-05-02 13:43:00,2019-05-02 14:04:00,21,7,2,3739.0,51,21.0,средняя
873134266246,United States,Mac,organic,2019-05-03 01:32:00,2019-05-03 02:02:00,30,10,3,5369.0,48,30.0,средняя
509503648515,United States,Android,organic,2019-05-03 05:57:00,2019-05-03 07:22:00,85,29,6,15048.0,66,85.0,высокая
576352706724,United States,Mac,organic,2019-05-03 22:18:00,2019-05-03 22:56:00,38,13,3,6806.0,36,38.0,средняя
997723904855,United States,iPhone,organic,2019-05-02 13:55:00,2019-05-02 14:14:00,19,7,2,3739.0,30,19.0,средняя
954277860460,United States,iPhone,TipTop,2019-05-02 16:39:00,2019-05-02 16:59:00,20,7,2,3739.0,44,20.0,средняя
766038695189,United States,iPhone,FaceBoom,2019-05-03 22:38:00,2019-05-03 23:09:00,31,10,3,5369.0,43,31.0,средняя
661889067101,United States,Mac,organic,2019-05-03 08:59:00,2019-05-03 11:33:00,154,52,9,26644.0,29,154.0,высокая
692072441061,United States,Mac,FaceBoom,2019-05-03 16:31:00,2019-05-03 18:11:00,100,34,7,17636.0,21,100.0,высокая
784328289169,United States,iPhone,organic,2019-05-02 03:28:00,2019-05-02 03:49:00,21,7,2,3739.0,31,21.0,средняя
214110726955,United States,Mac,organic,2019-05-02 00:53:00,2019-05-02 01:14:00,21,7,2,3739.0,31,21.0,средняя
825019309980,United States,Mac,organic,2019-05-02 09:19:00,2019-05-02 09:38:00,19,7,2,3739.0,51,19.0,средняя
744725408795,United States,Android,TipTop,2019-05-04 18:53:00,2019-05-04 19:24:00,31,10,3,5369.0,36,31.0,средняя
702823415116,United States,iPhone,FaceBoom,2019-05-04 14:27:00,2019-05-04 15:31:00,64,22,4,11310.0,35,64.0,высокая
154200549012,United States,iPhone,organic,2019-05-02 21:07:00,2019-05-02 21:29:00,22,7,2,3739.0,32,22.0,средняя
548096593486,United States,Mac,organic,2019-05-04 15:14:00,2019-05-04 16:48:00,94,32,6,16485.0,20,94.0,высокая
413984649219,United States,iPhone,FaceBoom,2019-05-02 15:33:00,2019-05-02 15:54:00,21,7,2,3739.0,11,21.0,средняя
163990482939,United States,iPhone,FaceBoom,2019-05-04 21:39:00,2019-05-04 23:19:00,100,34,7,17636.0,21,100.0,высокая
815797408685,United States,PC,organic,2019-05-02 14:48:00,2019-05-02 15:10:00,22,7,2,3739.0,65,22.0,средняя
717924290376,United States,PC,organic,2019-05-04 10:53:00,2019-05-04 11:36:00,43,15,3,7764.0,66,43.0,высокая
621759989666,United States,iPhone,organic,2019-05-03 03:13:00,2019-05-03 03:33:00,20,7,2,3739.0,33,20.0,средняя
159471803772,United States,iPhone,organic,2019-05-04 00:24:00,2019-05-04 00:58:00,34,12,3,6326.0,47,34.0,средняя
917992220173,United States,Android,organic,2019-05-03 23:17:00,2019-05-03 23:37:00,20,7,2,3739.0,46,20.0,средняя
977891886135,United States,Android,organic,2019-05-03 03:26:00,2019-05-03 03:46:00,20,7,2,3739.0,56,20.0,средняя
302414975073,United States,Android,TipTop,2019-05-04 05:26:00,2019-05-04 06:19:00,53,18,4,9394.0,20,53.0,высокая
579579190220,United States,Android,TipTop,2019-05-04 17:42:00,2019-05-04 18:06:00,24,8,3,4411.0,62,24.0,средняя
405931746536,United States,Mac,organic,2019-05-03 08:51:00,2019-05-03 09:11:00,20,7,2,3739.0,34,20.0,средняя
856975653366,United States,iPhone,organic,2019-05-03 04:24:00,2019-05-03 04:45:00,21,7,2,3739.0,22,21.0,средняя
510919926079,United States,Mac,organic,2019-05-03 02:47:00,2019-05-03 03:07:00,20,7,2,3739.0,41,20.0,средняя
531513927329,United States,Mac,organic,2019-05-04 13:48:00,2019-05-04 14:08:00,20,7,2,3739.0,53,20.0,средняя
136097633625,United States,Android,TipTop,2019-05-04 16:42:00,2019-05-04 17:01:00,19,7,2,3739.0,30,19.0,средняя
